Report name,csstats video Prebid AB
Report type,Historical
Report result ID,9589670125
Report currency,USD
Publisher network,"Gamers Net, Inc"
User,max.ichetovkin@mobalyticshq.com
Date/Time generated,"April 24, 2026 7:58:02 AM PDT"
Date range,"Mar 30, 2026 - Apr 23, 2026"
Time zone,America/Los_Angeles
Filters,Ad unit ID = 23334009447

Country,Date,Total impressions,Total revenue,Total average eCPM,Total fill rate
United States,2026-04-11,14469,6.77,0.47,0.4698
United States,2026-04-05,12712,5.66,0.45,0.4545
United States,2026-04-12,12615,6.56,0.52,0.4315
United States,2026-04-10,11655,5.39,0.46,0.4201
United States,2026-04-17,11114,5.94,0.53,0.4369
United States,2026-04-13,11090,5.20,0.47,0.3558
United States,2026-04-04,10975,4.88,0.44,0.351
United States,2026-04-18,10888,5.04,0.46,0.4529
United States,2026-04-03,10783,5.16,0.48,0.3959
United States,2026-04-09,10580,5.07,0.48,0.4018
United States,2026-04-02,10459,4.65,0.44,0.3375
United States,2026-04-16,10396,4.92,0.47,0.3494
United States,2026-04-08,10293,4.43,0.43,0.3627
United States,2026-04-19,10125,4.86,0.48,0.3863
United States,2026-04-14,9899,4.57,0.46,0.3779
United States,2026-04-07,9577,4.26,0.44,0.3406
United States,2026-04-21,9576,5.73,0.60,0.3721
United States,2026-04-15,9122,4.70,0.51,0.3727
United States,2026-04-01,8836,4.27,0.48,0.3015
United States,2026-04-06,8705,4.04,0.46,0.2817
United States,2026-03-30,8216,4.38,0.53,0.3031
United States,2026-04-22,8055,5.18,0.64,0.3613
United States,2026-04-23,7798,5.22,0.67,0.3375
United States,2026-03-31,7738,3.64,0.47,0.2775
United States,2026-04-20,7695,4.70,0.61,0.3608
Germany,2026-04-08,3049,0.29,0.10,0.1683
Germany,2026-03-30,3000,0.67,0.22,0.1699
Germany,2026-04-01,2875,0.50,0.17,0.1604
Germany,2026-03-31,2651,0.71,0.27,0.1534
Brazil,2026-04-23,2642,0.49,0.19,0.11
Germany,2026-04-12,2430,0.33,0.13,0.1344
Germany,2026-04-22,2399,0.50,0.21,0.1812
Germany,2026-04-23,2288,0.31,0.14,0.1754
Germany,2026-04-14,2286,0.44,0.19,0.154
Germany,2026-04-02,2182,0.43,0.20,0.1158
Germany,2026-04-18,2123,0.30,0.14,0.133
Brazil,2026-04-18,2102,0.09,0.04,0.1197
Germany,2026-04-03,2100,0.29,0.14,0.1116
Germany,2026-04-09,2007,0.31,0.16,0.1181
Germany,2026-04-11,1985,0.32,0.16,0.1175
Germany,2026-04-13,1982,0.42,0.21,0.1166
Germany,2026-04-19,1976,0.28,0.14,0.1226
Brazil,2026-04-22,1968,0.19,0.10,0.0887
Germany,2026-04-15,1964,0.37,0.19,0.1536
Germany,2026-04-10,1938,0.40,0.20,0.1104
Brazil,2026-04-19,1843,0.09,0.05,0.0991
Germany,2026-04-17,1842,0.31,0.17,0.1312
Germany,2026-04-20,1743,0.33,0.19,0.1306
Germany,2026-04-04,1664,0.30,0.18,0.0846
Germany,2026-04-07,1655,0.31,0.19,0.0939
Germany,2026-04-05,1626,0.37,0.23,0.0925
Brazil,2026-03-30,1624,0.17,0.11,0.0837
Germany,2026-04-16,1595,0.32,0.20,0.1133
Brazil,2026-04-17,1590,0.09,0.06,0.0917
Germany,2026-04-06,1583,0.34,0.22,0.0765
Germany,2026-04-21,1556,0.40,0.26,0.1124
Brazil,2026-04-21,1494,0.12,0.08,0.0608
Brazil,2026-04-11,1387,0.07,0.05,0.0723
Poland,2026-04-10,1355,0.08,0.06,0.0607
Poland,2026-03-30,1317,0.37,0.28,0.0628
Argentina,2026-04-12,1285,0.23,0.18,0.1727
United Kingdom,2026-04-19,1285,0.52,0.40,0.1256
Argentina,2026-04-15,1278,0.13,0.10,0.1475
Brazil,2026-04-03,1260,0.14,0.11,0.0495
Argentina,2026-04-17,1243,0.18,0.15,0.1901
Brazil,2026-04-05,1224,0.07,0.06,0.071
Canada,2026-04-18,1214,0.23,0.19,0.1317
Poland,2026-04-11,1195,0.07,0.06,0.0471
Canada,2026-04-03,1187,0.21,0.18,0.1472
Brazil,2026-04-20,1179,0.09,0.08,0.0573
Poland,2026-04-01,1174,0.26,0.22,0.052
Canada,2026-04-19,1155,0.27,0.23,0.1244
Brazil,2026-04-01,1104,0.08,0.07,0.0519
Canada,2026-04-09,1102,0.22,0.20,0.1728
United Kingdom,2026-04-10,1100,0.35,0.32,0.124
United Kingdom,2026-04-02,1086,0.37,0.34,0.1317
Argentina,2026-04-18,1066,0.12,0.11,0.183
Canada,2026-04-10,1066,0.25,0.23,0.1373
Argentina,2026-04-20,1060,0.15,0.14,0.1914
Canada,2026-04-21,1058,0.25,0.24,0.1032
Argentina,2026-04-19,1044,0.12,0.12,0.206
Canada,2026-04-05,1040,0.19,0.19,0.0983
Brazil,2026-04-02,1039,0.08,0.08,0.0462
Sweden,2026-04-19,1021,0.25,0.25,0.1972
Brazil,2026-03-31,1016,0.10,0.10,0.0577
Argentina,2026-04-11,1009,0.17,0.17,0.1181
Argentina,2026-04-21,1009,0.14,0.14,0.1608
Brazil,2026-04-10,1004,0.05,0.05,0.0511
Canada,2026-04-22,992,0.25,0.25,0.1556
Sweden,2026-04-20,991,0.33,0.33,0.1747
Canada,2026-04-04,984,0.14,0.15,0.1134
United Kingdom,2026-04-20,982,1.04,1.06,0.1575
Poland,2026-04-13,977,0.15,0.16,0.0483
Sweden,2026-04-17,971,0.23,0.24,0.1797
Argentina,2026-04-10,967,0.17,0.18,0.1952
Poland,2026-04-02,967,0.21,0.22,0.0441
United Kingdom,2026-03-30,961,0.44,0.46,0.1171
Brazil,2026-04-12,959,0.12,0.13,0.0504
Canada,2026-04-11,952,0.20,0.21,0.0871
United Kingdom,2026-03-31,946,0.37,0.39,0.1269
Poland,2026-04-17,917,0.39,0.43,0.0481
Poland,2026-03-31,913,0.28,0.31,0.046
Poland,2026-04-12,913,0.07,0.07,0.0364
Canada,2026-04-02,903,0.18,0.20,0.141
United Kingdom,2026-04-17,901,0.43,0.48,0.1468
Canada,2026-04-12,893,0.19,0.21,0.0946
Sweden,2026-04-21,891,0.26,0.29,0.1826
Canada,2026-04-01,889,0.24,0.27,0.1649
Canada,2026-04-16,884,0.19,0.21,0.1062
United Kingdom,2026-04-01,883,0.35,0.40,0.1028
United Kingdom,2026-04-18,883,0.32,0.36,0.1001
Canada,2026-04-08,877,0.16,0.19,0.1319
Argentina,2026-04-22,872,0.12,0.13,0.135
Sweden,2026-04-18,868,0.24,0.28,0.2201
United Kingdom,2026-04-12,866,0.33,0.39,0.1324
United Kingdom,2026-04-07,856,0.23,0.27,0.1809
United Kingdom,2026-04-11,852,0.47,0.55,0.129
United Kingdom,2026-04-22,846,0.42,0.50,0.1431
Canada,2026-03-30,844,0.21,0.25,0.1497
Poland,2026-04-03,843,0.08,0.09,0.0401
Argentina,2026-04-16,841,0.13,0.15,0.1575
Canada,2026-04-20,834,0.20,0.24,0.1376
Canada,2026-04-23,817,0.19,0.24,0.1694
Canada,2026-04-06,809,0.16,0.20,0.1222
Sweden,2026-04-23,799,0.24,0.30,0.1877
Argentina,2026-04-09,792,0.13,0.16,0.1319
Argentina,2026-04-13,784,0.14,0.18,0.1382
Brazil,2026-04-09,784,0.06,0.08,0.0449
Brazil,2026-04-15,783,0.05,0.07,0.0491
Brazil,2026-04-13,771,0.05,0.06,0.0477
Sweden,2026-04-16,768,0.24,0.31,0.1249
Brazil,2026-04-07,766,0.07,0.09,0.041
Netherlands,2026-04-09,766,0.02,0.03,0.1735
Brazil,2026-04-08,765,0.06,0.08,0.0405
Canada,2026-04-07,761,0.17,0.22,0.1393
Poland,2026-04-20,760,0.42,0.56,0.0371
Brazil,2026-04-06,759,0.06,0.08,0.0447
Sweden,2026-04-22,752,0.23,0.31,0.1902
Turkiye,2026-04-11,752,0.07,0.10,0.0711
Argentina,2026-04-07,748,0.09,0.13,0.1205
Brazil,2026-04-04,744,0.05,0.07,0.0385
Brazil,2026-04-16,736,0.06,0.09,0.0469
Argentina,2026-04-08,728,0.11,0.14,0.1242
Sweden,2026-04-10,724,0.04,0.06,0.1694
Turkiye,2026-04-12,724,0.02,0.03,0.0709
Poland,2026-04-09,717,0.08,0.11,0.0337
Argentina,2026-04-23,715,0.11,0.15,0.1386
Poland,2026-04-22,712,1.15,1.62,0.0343
Poland,2026-04-08,711,0.08,0.11,0.0344
United Kingdom,2026-04-09,711,0.21,0.29,0.076
United Kingdom,2026-04-03,709,0.18,0.25,0.1077
Canada,2026-03-31,698,0.15,0.22,0.0753
Canada,2026-04-15,697,0.20,0.28,0.0883
Argentina,2026-04-14,696,0.10,0.15,0.1134
Canada,2026-04-14,686,0.22,0.31,0.0982
Sweden,2026-04-02,684,0.09,0.14,0.1647
South Korea,2026-04-06,679,0.18,0.27,0.1297
Poland,2026-04-18,669,0.85,1.27,0.0338
United Kingdom,2026-04-16,666,0.18,0.27,0.1281
Poland,2026-04-14,652,0.16,0.24,0.0325
South Korea,2026-04-08,648,0.30,0.46,0.1653
Argentina,2026-04-05,642,0.10,0.15,0.1097
United Kingdom,2026-04-13,642,0.33,0.51,0.0961
Uzbekistan,2026-04-04,642,0.13,0.21,0.3557
Poland,2026-04-21,639,1.21,1.89,0.0281
United Kingdom,2026-04-05,638,0.19,0.29,0.0753
France,2026-04-10,633,0.09,0.14,0.0714
Sweden,2026-04-05,626,0.06,0.10,0.1324
Canada,2026-04-13,622,0.17,0.27,0.1308
Sweden,2026-04-06,611,0.02,0.04,0.1181
United Kingdom,2026-04-15,607,0.21,0.34,0.0812
Poland,2026-04-05,600,0.06,0.10,0.0315
Poland,2026-04-06,599,0.06,0.10,0.0257
Turkiye,2026-04-22,591,0.02,0.04,0.0481
United Kingdom,2026-04-06,590,0.19,0.33,0.0867
Canada,2026-04-17,576,0.18,0.31,0.0731
Poland,2026-04-07,575,0.06,0.11,0.0265
France,2026-04-23,569,0.08,0.15,0.0999
Argentina,2026-04-06,568,0.07,0.11,0.0972
Sweden,2026-04-15,567,0.17,0.31,0.1469
Poland,2026-04-23,566,0.14,0.25,0.0291
Sweden,2026-04-13,565,0.19,0.33,0.1671
Sweden,2026-04-03,563,0.06,0.11,0.1629
Argentina,2026-04-02,554,0.09,0.17,0.0799
United Kingdom,2026-04-21,551,0.31,0.56,0.0921
Brazil,2026-04-14,550,0.05,0.09,0.0318
Czechia,2026-04-05,547,0.02,0.04,0.1086
France,2026-04-17,546,0.08,0.14,0.043
United Kingdom,2026-04-04,546,0.16,0.29,0.0896
Australia,2026-04-21,545,0.05,0.10,0.1218
United Kingdom,2026-04-08,539,0.22,0.41,0.0878
Sweden,2026-04-04,538,0.08,0.15,0.1538
Sweden,2026-03-31,536,0.09,0.17,0.1702
France,2026-04-14,531,0.13,0.25,0.0568
Hong Kong,2026-04-01,531,0.05,0.10,0.1685
Sweden,2026-04-01,522,0.09,0.17,0.1285
Poland,2026-04-16,520,0.12,0.23,0.0293
Denmark,2026-04-03,518,0.04,0.07,0.0996
South Korea,2026-04-14,506,0.18,0.36,0.101
Uzbekistan,2026-04-20,505,0.10,0.19,0.2412
Spain,2026-04-10,504,0.04,0.08,0.1065
France,2026-04-18,489,0.07,0.13,0.0393
Argentina,2026-04-03,481,0.09,0.18,0.0739
Hong Kong,2026-03-30,481,0.05,0.09,0.1325
Sweden,2026-04-14,479,0.16,0.34,0.1171
Sweden,2026-04-09,478,0.02,0.04,0.1281
Sweden,2026-03-30,474,0.10,0.22,0.1083
South Korea,2026-04-09,472,0.12,0.25,0.1015
Poland,2026-04-04,465,0.06,0.13,0.02
Poland,2026-04-15,462,0.10,0.22,0.024
France,2026-04-16,461,0.08,0.18,0.0383
United Kingdom,2026-04-14,461,0.18,0.40,0.0907
Uzbekistan,2026-04-16,457,0.12,0.26,0.3156
Australia,2026-04-06,454,0.10,0.21,0.075
Turkiye,2026-04-21,454,0.03,0.06,0.0431
United Kingdom,2026-04-23,454,0.21,0.45,0.0791
Czechia,2026-04-09,450,0.02,0.04,0.1183
Uzbekistan,2026-04-22,443,0.08,0.18,0.2429
France,2026-04-15,442,0.08,0.19,0.0381
South Korea,2026-04-02,442,0.12,0.27,0.0666
Czechia,2026-04-03,438,0.05,0.12,0.1115
Australia,2026-04-04,436,0.08,0.19,0.0549
Argentina,2026-04-04,430,0.09,0.20,0.0956
Australia,2026-04-01,426,0.09,0.20,0.069
France,2026-04-13,425,0.08,0.20,0.0677
Hungary,2026-04-05,422,0.01,0.02,0.2018
France,2026-04-08,420,0.06,0.15,0.0775
Australia,2026-04-07,418,0.10,0.23,0.0763
Australia,2026-04-05,413,0.09,0.21,0.0583
France,2026-04-22,412,0.08,0.19,0.0586
France,2026-04-20,410,0.07,0.16,0.0542
Argentina,2026-04-01,408,0.08,0.21,0.0811
Argentina,2026-03-30,404,0.09,0.22,0.0828
Australia,2026-04-23,401,0.06,0.15,0.0964
France,2026-04-21,398,0.07,0.18,0.0531
Slovakia,2026-04-03,388,0.01,0.03,0.1587
Uzbekistan,2026-04-11,386,0.10,0.25,0.3027
Portugal,2026-04-10,383,0.02,0.05,0.0906
Australia,2026-04-12,382,0.07,0.19,0.048
Czechia,2026-04-16,382,0.02,0.05,0.1105
Uzbekistan,2026-04-18,380,0.07,0.19,0.2821
Australia,2026-04-10,379,0.09,0.22,0.0939
Sweden,2026-04-08,378,0.02,0.06,0.1175
Turkiye,2026-04-13,377,0.01,0.03,0.0362
Poland,2026-04-19,375,0.21,0.57,0.0179
Spain,2026-04-17,372,0.03,0.07,0.0926
Australia,2026-04-03,369,0.07,0.18,0.0854
Australia,2026-04-14,369,0.33,0.89,0.067
Czechia,2026-04-10,369,0.02,0.05,0.0934
South Korea,2026-04-04,368,0.07,0.20,0.0675
Uzbekistan,2026-04-13,366,0.08,0.23,0.3096
Turkiye,2026-04-15,365,0.01,0.02,0.0363
France,2026-04-07,363,0.06,0.17,0.0401
Uzbekistan,2026-04-15,362,0.09,0.24,0.2806
France,2026-04-09,360,0.07,0.18,0.0697
Australia,2026-04-11,359,0.09,0.25,0.0689
South Korea,2026-04-05,359,0.07,0.20,0.0414
Australia,2026-03-30,357,0.10,0.28,0.055
Australia,2026-04-02,357,0.08,0.22,0.0824
Norway,2026-04-02,357,0.01,0.03,0.108
Sweden,2026-04-12,357,0.06,0.16,0.0845
Turkiye,2026-04-08,355,0.01,0.02,0.0372
Turkiye,2026-04-19,355,0.05,0.14,0.0315
Ukraine,2026-03-30,355,0.06,0.16,0.0276
France,2026-04-19,350,0.06,0.16,0.0505
South Korea,2026-04-10,350,0.12,0.34,0.0693
Switzerland,2026-04-18,340,0.00,0.01,0.1772
Turkiye,2026-04-14,340,0.01,0.02,0.0401
Denmark,2026-04-10,338,0.03,0.09,0.1027
South Korea,2026-04-18,338,0.05,0.14,0.0616
France,2026-04-11,335,0.07,0.22,0.0393
South Korea,2026-04-03,333,0.07,0.20,0.0423
France,2026-04-06,332,0.07,0.21,0.0406
France,2026-04-12,332,0.06,0.19,0.0385
Sweden,2026-04-07,327,0.03,0.08,0.0565
Australia,2026-04-22,325,0.06,0.17,0.0913
Uzbekistan,2026-04-12,321,0.07,0.22,0.2256
Argentina,2026-03-31,320,0.06,0.17,0.0668
Australia,2026-04-13,319,0.08,0.25,0.0468
South Korea,2026-04-15,318,0.10,0.31,0.0698
Ukraine,2026-04-22,318,0.04,0.13,0.0234
Australia,2026-04-18,317,0.07,0.22,0.0538
Ukraine,2026-04-18,312,0.04,0.13,0.0251
Romania,2026-04-03,310,0.12,0.40,0.0753
South Korea,2026-04-07,309,0.08,0.27,0.0639
Ukraine,2026-04-17,308,0.04,0.13,0.0263
Australia,2026-04-19,305,0.06,0.21,0.0794
Romania,2026-04-21,305,0.10,0.33,0.0678
South Korea,2026-04-19,301,0.05,0.17,0.0679
Australia,2026-04-09,300,0.07,0.22,0.0854
France,2026-04-02,296,0.07,0.24,0.0451
Taiwan,2026-04-23,293,0.03,0.11,0.0378
South Korea,2026-04-12,292,0.09,0.32,0.0622
Ukraine,2026-04-15,292,0.04,0.13,0.0224
Turkiye,2026-04-18,291,0.01,0.02,0.0324
Czechia,2026-04-08,289,0.01,0.05,0.0855
Australia,2026-04-20,288,0.06,0.21,0.0745
France,2026-03-30,288,0.06,0.21,0.0242
South Korea,2026-03-30,284,0.05,0.17,0.094
Hong Kong,2026-03-31,280,0.03,0.09,0.0692
Czechia,2026-04-07,279,0.02,0.07,0.0667
Sweden,2026-04-11,279,0.04,0.16,0.0693
Netherlands,2026-04-10,277,0.04,0.15,0.1148
Spain,2026-04-04,277,0.02,0.08,0.0798
France,2026-04-01,276,0.07,0.26,0.0335
South Korea,2026-03-31,276,0.05,0.16,0.0583
Netherlands,2026-04-02,274,0.07,0.24,0.1048
Spain,2026-04-18,274,0.01,0.05,0.0647
Ukraine,2026-04-19,271,0.03,0.13,0.0248
Spain,2026-04-23,270,0.02,0.08,0.0471
Romania,2026-04-20,269,0.09,0.32,0.0695
Australia,2026-04-16,267,0.06,0.21,0.0705
Netherlands,2026-03-31,266,0.05,0.21,0.0913
Romania,2026-03-30,266,0.05,0.19,0.0634
Netherlands,2026-03-30,264,0.05,0.20,0.1132
Australia,2026-04-17,263,0.09,0.35,0.0545
South Korea,2026-04-01,263,0.04,0.17,0.0653
Turkiye,2026-04-10,262,0.01,0.04,0.025
Australia,2026-04-08,260,0.06,0.23,0.0701
South Korea,2026-04-13,259,0.04,0.15,0.0507
Czechia,2026-04-15,258,0.02,0.07,0.0752
France,2026-04-03,258,0.06,0.25,0.044
Romania,2026-04-22,258,0.13,0.50,0.0564
Australia,2026-03-31,256,0.07,0.26,0.0707
Slovakia,2026-04-10,256,0.01,0.03,0.1499
Romania,2026-04-10,255,0.04,0.15,0.0573
South Korea,2026-04-22,254,0.04,0.14,0.0501
Czechia,2026-04-02,251,0.07,0.29,0.0639
Turkiye,2026-03-31,250,0.01,0.04,0.0234
Uzbekistan,2026-04-21,249,0.05,0.21,0.2338
Uzbekistan,2026-04-17,245,0.04,0.18,0.2217
Ukraine,2026-04-23,244,0.03,0.13,0.0204
Australia,2026-04-15,243,0.06,0.26,0.0496
Czechia,2026-04-06,243,0.02,0.09,0.0522
Netherlands,2026-04-11,242,0.05,0.21,0.1059
Chile,2026-04-18,241,0.02,0.07,0.2144
Ukraine,2026-04-16,241,0.03,0.13,0.0217
Ukraine,2026-04-03,239,0.03,0.13,0.0199
Belgium,2026-04-07,238,0.08,0.35,0.1927
Netherlands,2026-04-07,236,0.08,0.34,0.0804
Portugal,2026-04-15,236,0.00,0.01,0.0604
Portugal,2026-04-11,235,0.02,0.10,0.0396
Czechia,2026-04-04,234,0.02,0.07,0.0584
France,2026-04-05,234,0.05,0.20,0.0316
Portugal,2026-04-01,234,0.03,0.13,0.0522
Netherlands,2026-04-01,233,0.06,0.24,0.0934
Hungary,2026-03-31,231,0.04,0.16,0.1212
South Korea,2026-04-11,229,0.05,0.23,0.0485
Czechia,2026-03-30,227,0.10,0.45,0.0639
Spain,2026-04-02,227,0.03,0.15,0.0471
Spain,2026-04-13,226,0.03,0.13,0.0497
Ukraine,2026-04-21,226,0.03,0.13,0.0183
South Korea,2026-04-21,225,0.03,0.13,0.0436
Denmark,2026-04-14,224,0.03,0.13,0.0728
Uzbekistan,2026-04-10,224,0.05,0.23,0.1835
Uzbekistan,2026-04-14,224,0.06,0.27,0.2279
South Korea,2026-04-20,223,0.03,0.16,0.0542
Uzbekistan,2026-04-08,222,0.04,0.17,0.1359
Romania,2026-04-23,219,0.08,0.35,0.0523
Spain,2026-04-08,217,0.02,0.10,0.0535
Spain,2026-03-31,215,0.05,0.22,0.049
Uzbekistan,2026-04-19,214,0.05,0.22,0.2365
Denmark,2026-04-11,213,0.20,0.93,0.071
Uzbekistan,2026-04-03,213,0.04,0.19,0.1843
Uzbekistan,2026-04-23,213,0.04,0.19,0.2143
France,2026-04-04,212,0.05,0.25,0.0288
Peru,2026-04-03,211,0.01,0.03,0.1507
South Korea,2026-04-16,211,0.04,0.17,0.0552
South Korea,2026-04-23,211,0.04,0.20,0.0515
Czechia,2026-04-14,209,0.01,0.06,0.069
Portugal,2026-04-19,209,0.00,0.01,0.0492
Turkiye,2026-04-02,207,0.01,0.06,0.0205
Portugal,2026-03-30,206,0.06,0.27,0.0485
Ukraine,2026-04-04,206,0.03,0.13,0.0195
Ukraine,2026-04-20,206,0.03,0.13,0.0219
Norway,2026-04-10,205,0.01,0.03,0.0796
Uzbekistan,2026-03-30,203,0.04,0.21,0.1703
Spain,2026-04-16,201,0.02,0.09,0.0543
Turkiye,2026-04-23,201,0.01,0.04,0.0184
South Korea,2026-04-17,200,0.03,0.15,0.0519
Spain,2026-04-09,199,0.03,0.17,0.0458
Hong Kong,2026-04-22,198,0.15,0.77,0.0663
Peru,2026-04-04,198,0.01,0.05,0.1434
Turkiye,2026-04-09,198,0.01,0.03,0.0164
Czechia,2026-04-11,197,0.02,0.08,0.0502
Kazakhstan,2026-04-06,194,0.02,0.08,0.0689
Netherlands,2026-04-03,194,0.04,0.20,0.0493
Spain,2026-03-30,193,0.03,0.14,0.0447
Czechia,2026-04-12,192,0.01,0.06,0.0449
Czechia,2026-04-18,190,0.01,0.07,0.0638
Hong Kong,2026-04-17,190,0.06,0.31,0.0512
Romania,2026-04-19,190,0.05,0.26,0.0461
Spain,2026-04-21,190,0.03,0.16,0.0342
Thailand,2026-04-19,190,0.03,0.14,0.0904
Uzbekistan,2026-04-05,189,0.04,0.19,0.1377
Austria,2026-04-09,188,0.00,0.01,0.1087
Czechia,2026-04-23,187,0.02,0.11,0.0546
Netherlands,2026-04-13,187,0.07,0.37,0.0643
Spain,2026-04-15,187,0.01,0.07,0.047
Portugal,2026-04-02,186,0.02,0.09,0.0471
Spain,2026-04-11,186,0.03,0.17,0.0418
Denmark,2026-04-13,185,0.04,0.19,0.0582
Hong Kong,2026-04-15,185,0.04,0.22,0.0468
Hong Kong,2026-04-16,185,0.04,0.19,0.0574
Romania,2026-04-17,184,0.05,0.29,0.0324
Spain,2026-04-03,184,0.03,0.18,0.0407
Taiwan,2026-04-06,184,0.03,0.14,0.0199
Turkiye,2026-04-17,184,0.00,0.02,0.0176
Peru,2026-04-18,182,0.00,0.02,0.1831
Spain,2026-04-19,181,0.01,0.06,0.0335
Uzbekistan,2026-04-01,181,0.06,0.32,0.1339
Netherlands,2026-04-08,180,0.03,0.16,0.06
Uzbekistan,2026-04-09,179,0.03,0.18,0.0784
Hong Kong,2026-04-21,178,0.06,0.35,0.0486
Portugal,2026-04-04,178,0.02,0.09,0.0327
Portugal,2026-04-08,178,0.01,0.06,0.0383
Uzbekistan,2026-04-07,177,0.04,0.20,0.1542
Hong Kong,2026-04-06,176,0.03,0.17,0.0394
Turkiye,2026-04-06,176,0.01,0.04,0.0184
Norway,2026-04-09,175,0.05,0.30,0.049
Romania,2026-04-01,175,0.27,1.57,0.0445
Turkiye,2026-04-04,175,0.05,0.26,0.0163
Hong Kong,2026-04-02,174,0.03,0.17,0.0436
Hong Kong,2026-04-04,172,0.04,0.23,0.0484
Netherlands,2026-04-04,171,0.04,0.21,0.0497
Turkiye,2026-04-03,171,0.01,0.05,0.0166
Czechia,2026-04-13,170,0.02,0.14,0.0471
Hong Kong,2026-04-23,170,0.12,0.69,0.0459
Spain,2026-04-05,170,0.02,0.11,0.0368
Spain,2026-04-22,170,0.02,0.13,0.031
Spain,2026-04-12,169,0.02,0.10,0.0331
Ukraine,2026-04-02,169,0.02,0.15,0.0142
Denmark,2026-03-31,167,0.05,0.32,0.0308
Denmark,2026-04-16,167,0.05,0.29,0.0483
Portugal,2026-04-07,167,0.01,0.04,0.0402
Hong Kong,2026-04-05,166,0.03,0.20,0.0489
Hong Kong,2026-04-18,166,0.03,0.20,0.0604
Taiwan,2026-04-08,166,0.02,0.12,0.0233
Hong Kong,2026-04-09,165,0.03,0.19,0.0548
Uzbekistan,2026-04-06,165,0.03,0.18,0.2052
Czechia,2026-04-22,164,0.03,0.16,0.0489
Mexico,2026-04-22,164,0.03,0.17,0.408
Portugal,2026-04-03,164,0.01,0.05,0.034
Portugal,2026-04-12,164,0.13,0.82,0.0455
Taiwan,2026-04-04,164,0.02,0.13,0.0139
Romania,2026-04-02,163,0.07,0.42,0.0431
France,2026-03-31,162,0.03,0.20,0.0196
Hong Kong,2026-04-19,162,0.04,0.27,0.0428
Denmark,2026-04-12,161,0.05,0.29,0.0457
Ukraine,2026-04-14,161,0.02,0.13,0.0163
Austria,2026-04-22,159,0.05,0.29,0.0919
Chile,2026-04-19,159,0.02,0.12,0.1423
Netherlands,2026-04-12,159,0.03,0.17,0.054
Hong Kong,2026-04-07,158,0.02,0.14,0.0382
Romania,2026-04-16,158,0.04,0.24,0.0464
Denmark,2026-04-04,155,0.04,0.27,0.0312
Portugal,2026-03-31,154,0.03,0.18,0.0422
Chile,2026-04-17,153,0.00,0.03,0.1959
Hong Kong,2026-04-03,153,0.03,0.19,0.0494
India,2026-04-01,152,0.00,0.03,0.0564
Slovakia,2026-04-12,151,0.01,0.04,0.0715
Taiwan,2026-04-11,150,0.02,0.13,0.0249
Spain,2026-04-01,149,0.03,0.18,0.0394
Mexico,2026-03-31,148,0.07,0.51,0.3136
Netherlands,2026-04-16,148,0.02,0.17,0.0603
Spain,2026-04-07,148,0.03,0.19,0.0353
Spain,2026-04-20,148,0.01,0.10,0.0313
Taiwan,2026-04-05,148,0.02,0.12,0.023
Hong Kong,2026-04-13,147,0.03,0.20,0.0519
Slovakia,2026-04-06,147,0.01,0.03,0.0734
Spain,2026-04-06,147,0.02,0.14,0.037
Netherlands,2026-04-05,146,0.02,0.16,0.0426
Taiwan,2026-04-16,146,0.02,0.11,0.0185
Peru,2026-04-17,145,0.00,0.03,0.1561
Netherlands,2026-04-15,144,0.04,0.26,0.0605
Denmark,2026-04-07,143,0.04,0.25,0.0459
Denmark,2026-04-19,143,0.03,0.23,0.0525
Hong Kong,2026-04-20,142,0.04,0.30,0.0513
Romania,2026-04-07,142,0.05,0.37,0.0396
Austria,2026-04-10,140,0.01,0.04,0.0701
Denmark,2026-04-02,140,0.07,0.49,0.033
Norway,2026-04-18,140,0.00,0.01,0.0581
Vietnam,2026-04-13,140,0.00,0.03,0.0444
Austria,2026-04-23,139,0.02,0.14,0.0907
Chile,2026-04-02,139,0.05,0.33,0.1801
Denmark,2026-04-09,139,0.03,0.19,0.0489
Portugal,2026-04-09,139,0.01,0.06,0.0337
Switzerland,2026-04-03,139,0.02,0.12,0.1283
Ukraine,2026-04-12,139,0.02,0.13,0.0131
Denmark,2026-04-18,138,0.03,0.24,0.0458
Hong Kong,2026-04-10,137,0.03,0.22,0.0411
Romania,2026-04-18,137,0.06,0.41,0.0387
Slovakia,2026-03-30,137,0.06,0.43,0.0386
Slovakia,2026-04-08,137,0.00,0.01,0.0955
Taiwan,2026-04-15,137,0.02,0.16,0.0208
Turkiye,2026-04-16,137,0.00,0.03,0.0139
Hong Kong,2026-04-14,135,0.03,0.25,0.0323
Mexico,2026-04-20,135,0.03,0.23,0.3435
Mexico,2026-04-23,135,0.02,0.17,0.453
Peru,2026-04-22,135,0.01,0.07,0.1164
Singapore,2026-04-20,135,0.04,0.32,0.0989
Taiwan,2026-04-12,134,0.02,0.14,0.0207
Ukraine,2026-03-31,134,0.02,0.14,0.009
Denmark,2026-04-06,133,0.03,0.25,0.0357
Denmark,2026-04-01,132,0.05,0.36,0.061
Taiwan,2026-04-18,132,0.01,0.08,0.0155
Netherlands,2026-04-17,131,0.03,0.21,0.0478
Portugal,2026-04-18,131,0.00,0.01,0.04
Romania,2026-04-06,131,0.07,0.57,0.0426
Switzerland,2026-04-08,131,0.01,0.08,0.1695
Denmark,2026-04-15,130,0.05,0.36,0.0557
Denmark,2026-04-23,130,0.04,0.28,0.0467
Taiwan,2026-04-03,130,0.01,0.10,0.0213
Singapore,2026-04-01,129,0.02,0.16,0.0496
Spain,2026-04-14,129,0.02,0.17,0.0378
Switzerland,2026-03-31,129,0.02,0.18,0.0618
Turkiye,2026-03-30,128,0.01,0.05,0.0126
Romania,2026-04-13,127,0.04,0.31,0.0248
Ukraine,2026-04-11,127,0.02,0.13,0.0106
Denmark,2026-03-30,126,0.04,0.35,0.0491
Denmark,2026-04-17,126,0.03,0.27,0.0509
Portugal,2026-04-05,126,0.02,0.14,0.0309
Thailand,2026-04-01,126,0.01,0.10,0.0616
Bulgaria,2026-04-02,125,0.00,0.01,0.0866
Singapore,2026-04-21,124,0.02,0.18,0.0951
Peru,2026-04-19,123,0.00,0.04,0.1219
Taiwan,2026-04-17,123,0.01,0.09,0.0159
Austria,2026-04-18,122,0.02,0.15,0.0916
Denmark,2026-04-22,122,0.03,0.29,0.036
Peru,2026-04-20,122,0.01,0.07,0.0928
Portugal,2026-04-13,122,0.04,0.36,0.04
Romania,2026-04-08,122,0.04,0.34,0.0325
Hungary,2026-03-30,121,0.03,0.25,0.0374
Turkiye,2026-04-20,121,0.01,0.07,0.0138
Netherlands,2026-04-06,120,0.02,0.20,0.0565
Portugal,2026-04-23,120,0.05,0.43,0.0321
Hong Kong,2026-04-08,119,0.02,0.17,0.0315
Romania,2026-03-31,119,0.06,0.52,0.0345
Peru,2026-04-06,118,0.01,0.06,0.1015
Romania,2026-04-05,118,0.02,0.17,0.0276
Switzerland,2026-03-30,118,0.02,0.18,0.1297
Vietnam,2026-04-15,118,0.01,0.08,0.034
Denmark,2026-04-08,117,0.01,0.11,0.0423
Romania,2026-04-12,116,0.02,0.16,0.0383
Austria,2026-04-19,115,0.01,0.06,0.0916
Czechia,2026-04-01,115,0.04,0.38,0.0403
Peru,2026-04-02,115,0.01,0.05,0.095
Taiwan,2026-04-10,115,0.02,0.13,0.0213
Czechia,2026-04-17,114,0.02,0.13,0.0359
Hungary,2026-04-01,114,0.04,0.31,0.0603
Hungary,2026-04-02,114,0.03,0.25,0.0715
Taiwan,2026-04-13,114,0.02,0.13,0.0197
Turkiye,2026-04-07,114,0.01,0.06,0.0115
Romania,2026-04-04,113,0.04,0.33,0.0286
Slovakia,2026-04-23,113,0.03,0.27,0.0461
Czechia,2026-03-31,110,0.04,0.38,0.0315
Hong Kong,2026-04-12,110,0.02,0.21,0.0411
Singapore,2026-04-19,110,0.02,0.19,0.0466
Ukraine,2026-04-01,110,0.01,0.13,0.0079
Bulgaria,2026-04-22,109,0.00,0.04,0.0791
Hong Kong,2026-04-11,108,0.03,0.27,0.0183
Uzbekistan,2026-04-02,108,0.03,0.29,0.1091
Denmark,2026-04-05,107,0.03,0.24,0.0412
Japan,2026-04-15,107,0.01,0.07,0.0476
Slovakia,2026-04-16,107,0.00,0.04,0.0679
Taiwan,2026-04-07,107,0.01,0.11,0.0162
Taiwan,2026-04-14,107,0.02,0.14,0.0227
Czechia,2026-04-21,106,0.01,0.12,0.0289
Finland,2026-04-18,106,0.00,0.00,0.0201
Hungary,2026-04-17,105,0.01,0.10,0.0859
Romania,2026-04-15,105,0.03,0.31,0.0273
Switzerland,2026-04-17,105,0.00,0.03,0.1691
Romania,2026-04-09,104,0.01,0.12,0.0303
Romania,2026-04-11,104,0.04,0.42,0.0356
Vietnam,2026-04-11,104,0.01,0.06,0.0299
Denmark,2026-04-20,102,0.03,0.26,0.0316
Mexico,2026-04-03,101,0.05,0.50,0.3006
Austria,2026-04-02,100,0.01,0.10,0.0879
Mexico,2026-04-04,100,0.05,0.46,0.1748
Bulgaria,2026-04-17,99,0.00,0.01,0.0823
Hungary,2026-04-03,99,0.01,0.07,0.0483
Peru,2026-04-07,98,0.00,0.03,0.1007
Singapore,2026-04-07,98,0.02,0.16,0.0112
Chile,2026-03-30,97,0.03,0.33,0.1276
Denmark,2026-04-21,97,0.03,0.30,0.0259
Taiwan,2026-04-01,97,0.01,0.13,0.0166
Taiwan,2026-04-09,97,0.01,0.13,0.0217
Portugal,2026-04-22,96,0.00,0.02,0.0294
Slovakia,2026-03-31,94,0.03,0.32,0.0598
Chile,2026-04-20,93,0.00,0.05,0.0741
Czechia,2026-04-20,93,0.02,0.17,0.0293
Peru,2026-04-16,93,0.01,0.07,0.1014
Austria,2026-04-03,92,0.01,0.08,0.0666
Japan,2026-04-13,91,0.01,0.13,0.1036
Vietnam,2026-04-14,91,0.01,0.06,0.0313
Japan,2026-04-18,90,0.00,0.05,0.0457
Austria,2026-04-11,89,0.01,0.07,0.0458
Estonia,2026-04-05,89,0.02,0.23,0.0651
Vietnam,2026-04-10,89,0.01,0.07,0.0352
Georgia,2026-04-21,88,0.01,0.15,0.209
Ukraine,2026-04-06,88,0.01,0.13,0.0083
Chile,2026-04-01,87,0.03,0.36,0.0871
Czechia,2026-04-19,87,0.01,0.13,0.021
Switzerland,2026-04-07,87,0.00,0.05,0.1133
Vietnam,2026-04-16,87,0.01,0.15,0.0284
Bulgaria,2026-04-23,86,0.00,0.01,0.0656
Chile,2026-04-03,86,0.02,0.29,0.07
Greece,2026-04-04,86,0.02,0.28,0.1441
Slovakia,2026-04-09,86,0.00,0.01,0.055
Thailand,2026-04-10,86,0.01,0.08,0.0289
Austria,2026-04-07,85,0.01,0.08,0.0359
Kazakhstan,2026-04-05,85,0.02,0.26,0.0264
Switzerland,2026-04-09,85,0.01,0.12,0.0877
Chile,2026-04-04,84,0.03,0.31,0.0781
Portugal,2026-04-21,84,0.00,0.01,0.0222
Slovakia,2026-04-01,84,0.04,0.44,0.0447
Slovakia,2026-04-15,84,0.00,0.03,0.0639
Switzerland,2026-04-22,84,0.00,0.02,0.1173
Japan,2026-04-11,83,0.01,0.08,0.0367
Kazakhstan,2026-03-30,83,0.01,0.17,0.0323
Kazakhstan,2026-04-19,83,0.01,0.15,0.0284
Mexico,2026-04-02,83,0.04,0.47,0.1865
Portugal,2026-04-14,83,0.01,0.09,0.0245
Slovakia,2026-04-11,83,0.01,0.08,0.049
Taiwan,2026-04-19,83,0.01,0.08,0.0168
Austria,2026-04-08,82,0.00,0.05,0.0437
Chile,2026-04-23,82,0.01,0.14,0.1006
Finland,2026-04-19,82,0.00,0.01,0.0217
Hungary,2026-04-04,82,0.01,0.15,0.0568
Japan,2026-04-10,82,0.01,0.06,0.0451
Vietnam,2026-04-06,82,0.01,0.08,0.0287
Vietnam,2026-04-17,82,0.01,0.11,0.0237
Austria,2026-04-04,81,0.00,0.05,0.051
Austria,2026-04-21,81,0.01,0.09,0.0482
Philippines,2026-03-31,81,0.00,0.00,0.1449
Portugal,2026-04-20,81,0.00,0.02,0.0235
Slovakia,2026-04-05,81,0.01,0.09,0.0312
Ukraine,2026-04-08,81,0.01,0.12,0.0061
Vietnam,2026-04-18,81,0.01,0.13,0.0283
Chile,2026-04-05,80,0.03,0.35,0.076
Malaysia,2026-04-01,80,0.01,0.08,0.0529
Portugal,2026-04-17,80,0.00,0.02,0.0212
Singapore,2026-03-30,80,0.01,0.18,0.0515
Singapore,2026-04-02,80,0.01,0.15,0.0276
Vietnam,2026-04-12,80,0.00,0.06,0.0294
Chile,2026-03-31,79,0.03,0.32,0.1143
Estonia,2026-04-23,79,0.03,0.34,0.0682
Finland,2026-04-23,79,0.00,0.01,0.0206
Kazakhstan,2026-04-02,79,0.01,0.17,0.033
Kazakhstan,2026-04-11,79,0.01,0.16,0.0251
Slovakia,2026-04-14,79,0.01,0.08,0.0583
Switzerland,2026-04-05,79,0.01,0.17,0.0814
Ukraine,2026-04-13,79,0.01,0.14,0.007
Austria,2026-04-17,78,0.00,0.05,0.0603
Belgium,2026-04-08,78,0.02,0.31,0.0768
Kazakhstan,2026-04-07,78,0.01,0.15,0.0323
Kazakhstan,2026-04-14,78,0.01,0.17,0.016
Austria,2026-04-06,77,0.01,0.09,0.0556
Netherlands,2026-04-14,77,0.02,0.25,0.0299
Singapore,2026-04-23,77,0.02,0.32,0.0708
Slovakia,2026-04-02,77,0.04,0.46,0.0357
Vietnam,2026-03-30,77,0.01,0.09,0.0278
Vietnam,2026-04-04,77,0.01,0.11,0.0256
Bulgaria,2026-04-07,76,0.00,0.02,0.0512
Estonia,2026-03-31,76,0.02,0.33,0.0793
India,2026-03-31,76,0.01,0.09,0.0403
Kazakhstan,2026-04-01,76,0.01,0.16,0.0227
Switzerland,2026-04-04,76,0.01,0.11,0.0795
Switzerland,2026-04-10,76,0.01,0.17,0.0851
Greece,2026-04-11,75,0.04,0.51,0.1286
Kazakhstan,2026-04-03,75,0.01,0.20,0.0253
Malaysia,2026-04-08,75,0.01,0.13,0.0372
Norway,2026-04-13,75,0.01,0.12,0.0242
Taiwan,2026-04-20,75,0.01,0.09,0.0147
Turkiye,2026-04-05,75,0.01,0.07,0.0072
Vietnam,2026-04-22,75,0.01,0.09,0.0216
Bulgaria,2026-04-13,74,0.00,0.01,0.0514
Estonia,2026-04-03,74,0.01,0.16,0.0695
Estonia,2026-04-04,74,0.02,0.22,0.0572
Kazakhstan,2026-04-04,74,0.02,0.22,0.0255
Kyrgyzstan,2026-03-31,74,0.02,0.30,0.144
Peru,2026-04-21,74,0.01,0.10,0.0604
Portugal,2026-04-06,74,0.01,0.11,0.0188
Austria,2026-04-14,73,0.01,0.10,0.0772
Norway,2026-04-05,73,0.01,0.10,0.0175
Slovakia,2026-04-07,73,0.00,0.04,0.0453
South Africa,2026-04-19,73,0.00,0.02,0.0426
Kazakhstan,2026-04-13,72,0.02,0.21,0.0266
Kazakhstan,2026-04-16,72,0.01,0.14,0.0229
Kazakhstan,2026-04-20,72,0.01,0.15,0.0243
Ukraine,2026-04-10,72,0.01,0.13,0.0074
Bulgaria,2026-04-15,71,0.00,0.04,0.0445
Finland,2026-04-21,71,0.00,0.01,0.0166
Kazakhstan,2026-04-21,71,0.01,0.13,0.0213
Malaysia,2026-04-02,71,0.01,0.12,0.0286
Switzerland,2026-04-01,71,0.01,0.14,0.0761
Vietnam,2026-04-08,71,0.01,0.13,0.022
Chile,2026-04-16,70,0.01,0.16,0.079
Hungary,2026-04-23,70,0.00,0.02,0.0525
Japan,2026-04-02,70,0.01,0.11,0.0604
Japan,2026-04-14,70,0.01,0.12,0.0543
Slovakia,2026-04-04,70,0.00,0.04,0.0493
Switzerland,2026-04-06,70,0.04,0.58,0.0678
Switzerland,2026-04-19,70,0.00,0.04,0.0611
Ukraine,2026-04-09,70,0.01,0.13,0.0075
Netherlands,2026-04-18,69,0.01,0.14,0.0355
Taiwan,2026-04-02,69,0.01,0.14,0.0126
Vietnam,2026-04-02,69,0.01,0.13,0.0211
Vietnam,2026-04-07,69,0.01,0.07,0.0224
Bulgaria,2026-04-08,68,0.00,0.06,0.0531
Chile,2026-04-12,68,0.02,0.31,0.0675
Peru,2026-04-10,68,0.00,0.05,0.0576
Peru,2026-04-23,68,0.00,0.06,0.0648
Portugal,2026-04-16,68,0.00,0.03,0.0187
Singapore,2026-04-22,68,0.01,0.15,0.0577
Taiwan,2026-03-31,68,0.01,0.11,0.0167
Chile,2026-04-15,67,0.01,0.22,0.0814
Estonia,2026-04-08,67,0.01,0.19,0.053
Kazakhstan,2026-04-10,67,0.01,0.15,0.0267
Bulgaria,2026-04-09,66,0.00,0.01,0.0541
Kazakhstan,2026-04-15,66,0.01,0.14,0.0229
Malaysia,2026-04-22,66,0.01,0.17,0.0259
Netherlands,2026-04-19,66,0.02,0.28,0.0253
Ukraine,2026-04-05,66,0.01,0.13,0.006
Vietnam,2026-03-31,66,0.01,0.09,0.0232
Vietnam,2026-04-20,66,0.01,0.23,0.0246
India,2026-03-30,65,0.01,0.13,0.0319
Japan,2026-04-19,65,0.00,0.06,0.0617
Kazakhstan,2026-04-08,65,0.01,0.15,0.0201
Kazakhstan,2026-04-22,65,0.01,0.14,0.0239
Netherlands,2026-04-20,65,0.02,0.38,0.0258
Belgium,2026-03-30,64,0.05,0.74,0.0739
Chile,2026-04-14,64,0.02,0.31,0.0994
Hungary,2026-04-06,64,0.01,0.11,0.0345
Romania,2026-04-14,64,0.01,0.18,0.0213
Switzerland,2026-04-02,64,0.01,0.17,0.0667
Kazakhstan,2026-03-31,63,0.01,0.16,0.0207
Norway,2026-04-03,63,0.01,0.14,0.0143
Singapore,2026-04-10,63,0.01,0.10,0.0146
Slovakia,2026-04-13,63,0.01,0.09,0.0424
Taiwan,2026-04-22,63,0.01,0.11,0.0085
Thailand,2026-04-04,63,0.02,0.38,0.0287
Thailand,2026-04-06,63,0.00,0.02,0.0424
Estonia,2026-04-12,62,0.01,0.19,0.0569
Finland,2026-04-22,62,0.00,0.01,0.0137
Japan,2026-04-01,62,0.01,0.13,0.0567
Kazakhstan,2026-04-12,62,0.01,0.15,0.0219
Latvia,2026-04-01,62,0.01,0.13,0.0298
Malaysia,2026-04-12,62,0.01,0.19,0.0518
Malaysia,2026-04-13,62,0.01,0.09,0.0336
Taiwan,2026-04-21,62,0.01,0.09,0.0087
Chile,2026-04-11,61,0.02,0.41,0.0803
Finland,2026-04-20,61,0.00,0.02,0.0117
Kazakhstan,2026-04-09,61,0.01,0.11,0.0128
Lithuania,2026-04-01,61,0.01,0.16,0.0235
Lithuania,2026-04-07,61,0.01,0.20,0.0333
Malaysia,2026-03-31,61,0.00,0.04,0.0381
Norway,2026-04-04,61,0.01,0.20,0.0246
Singapore,2026-04-04,61,0.01,0.15,0.0157
Thailand,2026-03-31,61,0.01,0.15,0.0286
Vietnam,2026-04-03,61,0.01,0.13,0.0204
Bulgaria,2026-03-31,60,0.00,0.05,0.0404
Greece,2026-04-05,60,0.02,0.25,0.0988
Greece,2026-04-08,60,0.02,0.28,0.0853
Mexico,2026-04-01,60,0.02,0.32,0.3125
Norway,2026-04-15,60,0.00,0.02,0.0361
Uzbekistan,2026-03-31,60,0.02,0.31,0.0492
Austria,2026-03-31,59,0.01,0.11,0.0491
Chile,2026-04-22,59,0.00,0.08,0.0817
Japan,2026-04-17,59,0.00,0.07,0.0725
Singapore,2026-04-17,59,0.01,0.22,0.0429
Switzerland,2026-04-23,59,0.01,0.15,0.0669
Vietnam,2026-04-19,59,0.01,0.11,0.0262
Chile,2026-04-13,58,0.01,0.21,0.0769
Italy,2026-03-30,58,0.01,0.13,0.0934
Japan,2026-04-12,58,0.00,0.07,0.0535
Malaysia,2026-04-06,58,0.01,0.12,0.0494
Peru,2026-04-08,58,0.00,0.01,0.0759
Peru,2026-04-09,58,0.00,0.03,0.0621
South Africa,2026-04-15,58,0.00,0.03,0.1411
Austria,2026-03-30,57,0.01,0.17,0.0642
Austria,2026-04-15,57,0.01,0.12,0.0308
Chile,2026-04-21,57,0.01,0.12,0.0417
Estonia,2026-04-09,57,0.01,0.24,0.0483
Japan,2026-04-16,57,0.00,0.04,0.0615
Lithuania,2026-04-11,57,0.01,0.17,0.0204
Mexico,2026-04-21,57,0.01,0.24,0.2151
Vietnam,2026-04-05,57,0.01,0.10,0.0164
Finland,2026-04-06,56,0.00,0.02,0.0109
Japan,2026-03-31,56,0.01,0.11,0.0566
Japan,2026-04-04,56,0.01,0.12,0.0385
Malaysia,2026-04-21,56,0.01,0.12,0.0177
Peru,2026-04-05,56,0.00,0.01,0.0476
Singapore,2026-04-11,56,0.01,0.19,0.0142
Thailand,2026-04-21,56,0.00,0.06,0.0336
Belgium,2026-04-04,55,0.01,0.24,0.0302
Japan,2026-04-22,55,0.00,0.02,0.0517
Kyrgyzstan,2026-03-30,55,0.01,0.21,0.1273
Singapore,2026-04-06,55,0.01,0.19,0.0104
Thailand,2026-03-30,55,0.06,1.08,0.0267
Hungary,2026-04-16,54,0.01,0.17,0.0331
Hungary,2026-04-19,54,0.00,0.06,0.0357
Japan,2026-04-03,54,0.01,0.11,0.0476
Norway,2026-04-12,54,0.02,0.31,0.0215
Singapore,2026-03-31,54,0.01,0.17,0.0401
Switzerland,2026-04-11,54,0.01,0.21,0.0544
Vietnam,2026-04-09,54,0.00,0.06,0.0189
Chile,2026-04-10,53,0.02,0.28,0.0753
Malaysia,2026-04-05,53,0.01,0.12,0.0256
Mexico,2026-04-09,53,0.01,0.13,0.1178
New Zealand,2026-04-12,53,0.01,0.20,0.0908
Norway,2026-04-11,53,0.05,0.95,0.0198
Austria,2026-04-05,52,0.01,0.11,0.0319
Estonia,2026-04-22,52,0.01,0.24,0.047
Finland,2026-04-10,52,0.00,0.03,0.0127
Hungary,2026-04-07,52,0.00,0.09,0.0241
Japan,2026-04-06,52,0.00,0.09,0.0344
Japan,2026-04-20,52,0.00,0.07,0.0591
Japan,2026-04-21,52,0.00,0.04,0.0407
Norway,2026-04-17,52,0.00,0.01,0.0232
Switzerland,2026-04-15,52,0.00,0.04,0.0506
Switzerland,2026-04-16,52,0.00,0.08,0.0748
Austria,2026-04-12,51,0.00,0.05,0.0388
Austria,2026-04-16,51,0.00,0.08,0.0329
Bulgaria,2026-04-03,51,0.00,0.04,0.0459
Chile,2026-04-06,51,0.02,0.33,0.0788
Malaysia,2026-04-03,51,0.01,0.11,0.0268
Malaysia,2026-04-15,51,0.01,0.15,0.0264
Malaysia,2026-04-19,51,0.01,0.11,0.035
Norway,2026-03-30,51,0.02,0.34,0.024
Switzerland,2026-04-13,51,0.00,0.09,0.0344
Vietnam,2026-04-01,51,0.02,0.33,0.0164
Estonia,2026-04-11,50,0.01,0.27,0.0559
Japan,2026-04-09,50,0.01,0.14,0.0495
Singapore,2026-04-09,50,0.01,0.18,0.0134
Slovakia,2026-04-22,50,0.01,0.24,0.0316
Belgium,2026-04-13,49,0.02,0.38,0.0444
Finland,2026-04-08,49,0.00,0.03,0.0104
Greece,2026-04-07,49,0.01,0.22,0.0963
Japan,2026-04-08,49,0.01,0.17,0.0263
Lithuania,2026-04-12,49,0.01,0.14,0.0219
Norway,2026-04-01,49,0.00,0.07,0.0204
Peru,2026-04-15,49,0.00,0.06,0.0565
South Africa,2026-04-11,49,0.01,0.17,0.0875
Taiwan,2026-03-30,49,0.01,0.12,0.0074
Belgium,2026-04-05,48,0.01,0.19,0.0412
Ireland,2026-04-09,48,0.00,0.02,0.1322
Kazakhstan,2026-04-23,48,0.01,0.14,0.0172
Mexico,2026-04-19,48,0.01,0.20,0.2202
Norway,2026-04-22,48,0.01,0.14,0.0208
Switzerland,2026-04-21,48,0.01,0.14,0.0624
Thailand,2026-04-08,48,0.00,0.03,0.0325
Finland,2026-04-16,47,0.00,0.04,0.0112
Japan,2026-04-23,47,0.00,0.07,0.0511
Kyrgyzstan,2026-04-15,47,0.01,0.16,0.1146
Malaysia,2026-04-20,47,0.00,0.07,0.0206
Mexico,2026-04-18,47,0.01,0.15,0.2448
New Zealand,2026-04-08,47,0.01,0.16,0.0907
Slovakia,2026-04-21,47,0.01,0.17,0.0264
South Africa,2026-03-30,47,0.01,0.17,0.0883
South Africa,2026-03-31,47,0.00,0.10,0.1138
Vietnam,2026-04-23,47,0.01,0.11,0.0137
Lithuania,2026-04-05,46,0.01,0.20,0.0274
Turkiye,2026-04-01,46,0.01,0.21,0.0044
Ukraine,2026-04-07,46,0.01,0.14,0.0043
India,2026-04-08,45,0.00,0.09,0.021
Mexico,2026-04-08,45,0.01,0.12,0.1226
Norway,2026-03-31,45,0.00,0.03,0.0177
Singapore,2026-04-03,45,0.01,0.14,0.0197
Switzerland,2026-04-14,45,0.00,0.07,0.0463
Austria,2026-04-20,44,0.02,0.52,0.0373
Belgium,2026-04-09,44,0.01,0.25,0.0378
China,2026-04-03,44,0.01,0.27,0.0196
Croatia,2026-04-02,44,0.01,0.28,0.0991
India,2026-04-03,44,0.00,0.09,0.0214
Italy,2026-04-10,44,0.00,0.07,0.0611
Italy,2026-04-22,44,0.01,0.22,0.0258
Lithuania,2026-04-09,44,0.01,0.19,0.0228
Malaysia,2026-04-11,44,0.01,0.15,0.0374
Malaysia,2026-04-14,44,0.00,0.10,0.0272
Malaysia,2026-04-16,44,0.01,0.12,0.021
Mexico,2026-04-05,44,0.02,0.42,0.2803
New Zealand,2026-04-13,44,0.01,0.17,0.0436
Norway,2026-04-19,44,0.00,0.00,0.0154
Bulgaria,2026-04-10,43,0.00,0.06,0.0382
Bulgaria,2026-04-21,43,0.00,0.10,0.0402
Hungary,2026-04-11,43,0.01,0.34,0.028
Hungary,2026-04-14,43,0.00,0.11,0.0346
Ireland,2026-04-18,43,0.01,0.17,0.0822
Kazakhstan,2026-04-17,43,0.01,0.13,0.0119
Norway,2026-04-06,43,0.00,0.10,0.0114
Peru,2026-04-01,43,0.00,0.11,0.0569
Belgium,2026-04-02,42,0.01,0.25,0.0431
Bulgaria,2026-04-12,42,0.00,0.07,0.0273
Bulgaria,2026-04-20,42,0.01,0.28,0.0334
Chile,2026-04-07,42,0.01,0.22,0.044
Malaysia,2026-04-18,42,0.00,0.09,0.0302
Mexico,2026-04-14,42,0.01,0.18,0.2121
Norway,2026-04-23,42,0.02,0.37,0.0089
Thailand,2026-04-09,42,0.01,0.18,0.0221
Bulgaria,2026-04-11,41,0.00,0.09,0.0234
Bulgaria,2026-04-19,41,0.00,0.01,0.0351
Croatia,2026-04-03,41,0.01,0.24,0.0882
Estonia,2026-04-13,41,0.01,0.21,0.041
Finland,2026-04-09,41,0.00,0.01,0.0081
Finland,2026-04-11,41,0.00,0.05,0.0089
Greece,2026-04-22,41,0.02,0.47,0.0802
Malaysia,2026-03-30,41,0.01,0.15,0.0219
Thailand,2026-04-18,41,0.00,0.04,0.026
Bulgaria,2026-04-04,40,0.00,0.02,0.0326
Estonia,2026-04-18,40,0.01,0.23,0.0396
Finland,2026-04-05,40,0.00,0.02,0.008
Finland,2026-04-13,40,0.01,0.15,0.0124
Italy,2026-04-09,40,0.00,0.04,0.0557
Japan,2026-03-30,40,0.00,0.08,0.0147
Singapore,2026-04-15,40,0.01,0.24,0.0158
Slovakia,2026-04-20,40,0.01,0.20,0.0304
Switzerland,2026-04-12,40,0.01,0.13,0.026
Estonia,2026-04-02,39,0.01,0.26,0.0359
Finland,2026-03-31,39,0.00,0.04,0.0093
Finland,2026-04-02,39,0.00,0.02,0.0077
Greece,2026-04-09,39,0.01,0.38,0.1037
Hungary,2026-04-08,39,0.01,0.15,0.0186
Indonesia,2026-04-21,39,0.00,0.04,0.0341
Lithuania,2026-04-10,39,0.01,0.14,0.0204
Malaysia,2026-04-04,39,0.01,0.17,0.0275
Malaysia,2026-04-23,39,0.01,0.25,0.0262
Singapore,2026-04-16,39,0.01,0.15,0.0241
Singapore,2026-04-18,39,0.01,0.14,0.0298
South Africa,2026-04-09,39,0.01,0.15,0.1373
Austria,2026-04-01,38,0.00,0.10,0.0341
Estonia,2026-03-30,38,0.01,0.21,0.0455
Finland,2026-04-17,38,0.00,0.07,0.0087
Greece,2026-04-03,38,0.01,0.25,0.0911
Ireland,2026-04-12,38,0.00,0.12,0.0728
Kazakhstan,2026-04-18,38,0.01,0.14,0.015
Malaysia,2026-04-09,38,0.00,0.11,0.0317
Mexico,2026-04-11,38,0.01,0.25,0.1095
Belgium,2026-04-03,37,0.01,0.35,0.0261
Bulgaria,2026-04-01,37,0.00,0.06,0.0191
Bulgaria,2026-04-06,37,0.00,0.05,0.0405
Chile,2026-04-08,37,0.01,0.32,0.0571
Greece,2026-04-15,37,0.01,0.33,0.0683
Greece,2026-04-16,37,0.01,0.35,0.0577
Italy,2026-03-31,37,0.01,0.15,0.0586
Kyrgyzstan,2026-04-22,37,0.01,0.17,0.1034
Malaysia,2026-04-17,37,0.01,0.14,0.017
New Zealand,2026-04-03,37,0.01,0.17,0.0826
Singapore,2026-04-05,37,0.01,0.16,0.0119
Bulgaria,2026-04-18,36,0.00,0.00,0.033
Croatia,2026-04-17,36,0.01,0.20,0.0907
Kyrgyzstan,2026-04-18,36,0.01,0.17,0.0798
Malaysia,2026-04-07,36,0.00,0.14,0.0215
Peru,2026-03-31,36,0.01,0.19,0.0378
Thailand,2026-04-02,36,0.01,0.24,0.0164
China,2026-04-07,35,0.00,0.07,0.0064
Estonia,2026-04-01,35,0.01,0.24,0.0411
Greece,2026-04-23,35,0.02,0.44,0.0528
Ireland,2026-04-20,35,0.00,0.05,0.0536
Italy,2026-04-18,35,0.00,0.04,0.0607
Japan,2026-04-05,35,0.00,0.14,0.0425
Kyrgyzstan,2026-04-13,35,0.01,0.27,0.1483
Lithuania,2026-04-18,35,0.01,0.16,0.0197
Malaysia,2026-04-10,35,0.01,0.15,0.0261
New Zealand,2026-04-10,35,0.01,0.19,0.1195
Thailand,2026-04-03,35,0.01,0.18,0.0147
Belgium,2026-04-06,34,0.00,0.14,0.0455
Belgium,2026-04-12,34,0.01,0.27,0.0371
Chile,2026-04-09,34,0.01,0.28,0.0472
Greece,2026-04-12,34,0.02,0.50,0.0778
India,2026-04-02,34,0.01,0.26,0.0175
Singapore,2026-04-14,34,0.01,0.25,0.0101
Thailand,2026-04-20,34,0.01,0.16,0.0268
Croatia,2026-04-04,33,0.01,0.21,0.0882
Croatia,2026-04-09,33,0.01,0.17,0.0659
Hungary,2026-04-15,33,0.00,0.13,0.0244
Peru,2026-04-14,33,0.00,0.01,0.0397
Philippines,2026-04-02,33,0.01,0.17,0.0407
Bulgaria,2026-04-16,32,0.00,0.05,0.0226
Estonia,2026-04-14,32,0.01,0.21,0.0239
Estonia,2026-04-15,32,0.01,0.23,0.0299
Finland,2026-04-15,32,0.00,0.05,0.0079
Ireland,2026-04-23,32,0.00,0.11,0.0775
Kyrgyzstan,2026-04-03,32,0.01,0.32,0.0746
Mongolia,2026-04-05,32,0.00,0.14,0.0376
Netherlands,2026-04-22,32,0.01,0.31,0.0148
New Zealand,2026-04-09,32,0.01,0.30,0.0713
Peru,2026-04-11,32,0.00,0.11,0.0312
Thailand,2026-04-22,32,0.01,0.16,0.0219
Vietnam,2026-04-21,32,0.00,0.11,0.0122
Estonia,2026-04-06,31,0.02,0.57,0.039
Estonia,2026-04-07,31,0.01,0.22,0.0281
Estonia,2026-04-10,31,0.01,0.32,0.0304
Hungary,2026-04-09,31,0.00,0.10,0.0209
Hungary,2026-04-22,31,0.00,0.02,0.0191
Netherlands,2026-04-23,31,0.01,0.19,0.0135
Norway,2026-04-07,31,0.02,0.53,0.0079
Singapore,2026-04-12,31,0.01,0.22,0.0094
South Africa,2026-04-04,31,0.02,0.55,0.0238
Belgium,2026-04-11,30,0.01,0.30,0.0337
Estonia,2026-04-17,30,0.01,0.22,0.0326
Greece,2026-04-13,30,0.01,0.44,0.0448
Greece,2026-04-14,30,0.01,0.32,0.0396
India,2026-04-07,30,0.01,0.37,0.0147
Ireland,2026-04-17,30,0.00,0.05,0.0845
Italy,2026-04-11,30,0.00,0.14,0.0449
Mexico,2026-03-30,30,0.02,0.65,0.1299
New Zealand,2026-04-11,30,0.00,0.14,0.0355
Singapore,2026-04-08,30,0.00,0.15,0.006
Switzerland,2026-04-20,30,0.00,0.11,0.0472
Belgium,2026-04-22,29,0.02,0.85,0.019
Cyprus,2026-04-21,29,0.00,0.12,0.1142
Greece,2026-04-10,29,0.01,0.40,0.0423
Indonesia,2026-04-22,29,0.00,0.03,0.0179
Italy,2026-04-08,29,0.00,0.09,0.0256
Kyrgyzstan,2026-04-12,29,0.01,0.28,0.1278
Latvia,2026-04-03,29,0.00,0.15,0.0158
Latvia,2026-04-05,29,0.00,0.14,0.0133
Thailand,2026-04-12,29,0.00,0.08,0.0084
Estonia,2026-04-21,28,0.01,0.21,0.0331
Georgia,2026-03-30,28,0.01,0.38,0.0731
Greece,2026-03-30,28,0.01,0.42,0.0472
Israel,2026-04-23,28,0.01,0.51,0.0225
Latvia,2026-04-04,28,0.00,0.15,0.014
Lithuania,2026-04-02,28,0.01,0.18,0.0123
Peru,2026-04-12,28,0.00,0.16,0.0261
Austria,2026-04-13,27,0.00,0.09,0.0237
Greece,2026-04-02,27,0.01,0.26,0.0377
Greece,2026-04-19,27,0.01,0.43,0.0423
India,2026-04-16,27,0.00,0.02,0.0116
Italy,2026-04-02,27,0.00,0.16,0.0361
Latvia,2026-03-31,27,0.00,0.13,0.0179
Lithuania,2026-03-30,27,0.00,0.12,0.0137
South Africa,2026-04-01,27,0.00,0.10,0.0259
Belgium,2026-04-19,26,0.01,0.48,0.0282
Estonia,2026-04-19,26,0.00,0.16,0.0262
Estonia,2026-04-20,26,0.00,0.19,0.0333
Greece,2026-04-06,26,0.01,0.37,0.0483
Italy,2026-04-05,26,0.00,0.14,0.044
Latvia,2026-04-16,26,0.00,0.18,0.0132
Lithuania,2026-04-04,26,0.00,0.16,0.0103
Lithuania,2026-04-06,26,0.01,0.20,0.0132
Lithuania,2026-04-19,26,0.00,0.14,0.012
Lithuania,2026-04-20,26,0.00,0.14,0.0157
Mongolia,2026-03-31,26,0.01,0.21,0.0364
Mongolia,2026-04-10,26,0.00,0.15,0.0373
New Zealand,2026-04-22,26,0.01,0.57,0.0386
Norway,2026-04-08,26,0.02,0.71,0.0124
Uruguay,2026-04-21,26,0.01,0.23,0.0751
Bulgaria,2026-04-05,25,0.00,0.02,0.0215
Finland,2026-04-03,25,0.00,0.00,0.0063
Finland,2026-04-04,25,0.00,0.02,0.0055
Hungary,2026-04-18,25,0.00,0.11,0.024
Japan,2026-04-07,25,0.00,0.11,0.0157
Latvia,2026-04-17,25,0.00,0.13,0.0164
Mexico,2026-04-12,25,0.01,0.23,0.0619
Mongolia,2026-04-03,25,0.00,0.15,0.0228
Mongolia,2026-04-19,25,0.00,0.17,0.0335
North Macedonia,2026-03-31,25,0.00,0.03,0.0351
Thailand,2026-04-16,25,0.01,0.24,0.0179
Belgium,2026-03-31,24,0.01,0.21,0.0327
Croatia,2026-04-05,24,0.00,0.15,0.0482
Finland,2026-04-07,24,0.00,0.02,0.0058
Finland,2026-04-12,24,0.00,0.01,0.0062
Greece,2026-04-20,24,0.01,0.35,0.0401
Hungary,2026-04-10,24,0.00,0.21,0.0174
India,2026-04-06,24,0.01,0.53,0.0087
Ireland,2026-04-10,24,0.00,0.13,0.0383
Ireland,2026-04-15,24,0.00,0.08,0.0956
Italy,2026-04-07,24,0.00,0.03,0.0283
Italy,2026-04-20,24,0.00,0.12,0.0345
Kyrgyzstan,2026-04-14,24,0.01,0.32,0.1341
Latvia,2026-03-30,24,0.01,0.26,0.0193
Mongolia,2026-04-16,24,0.00,0.17,0.0212
Peru,2026-03-30,24,0.01,0.24,0.0237
Thailand,2026-04-05,24,0.00,0.09,0.016
United Arab Emirates,2026-04-09,24,0.00,0.16,0.0522
Belgium,2026-04-14,23,0.00,0.13,0.0247
Finland,2026-04-14,23,0.00,0.06,0.0079
Greece,2026-04-21,23,0.01,0.38,0.0382
Israel,2026-04-22,23,0.01,0.44,0.0299
Italy,2026-04-01,23,0.00,0.18,0.0444
Lithuania,2026-04-03,23,0.00,0.16,0.0135
Lithuania,2026-04-13,23,0.00,0.18,0.0121
Mexico,2026-04-17,23,0.00,0.15,0.1085
Mongolia,2026-04-09,23,0.00,0.16,0.0306
South Africa,2026-04-10,23,0.00,0.07,0.0557
China,2026-03-31,22,0.00,0.05,0.0162
Georgia,2026-04-20,22,0.00,0.16,0.062
India,2026-04-04,22,0.00,0.16,0.0093
India,2026-04-09,22,0.00,0.16,0.0085
India,2026-04-14,22,0.00,0.17,0.01
Israel,2026-04-17,22,0.01,0.47,0.0361
Italy,2026-04-12,22,0.00,0.23,0.0302
Italy,2026-04-15,22,0.00,0.11,0.051
Italy,2026-04-19,22,0.00,0.08,0.0185
Latvia,2026-04-18,22,0.00,0.13,0.0126
Latvia,2026-04-20,22,0.00,0.14,0.0103
Lebanon,2026-04-09,22,0.00,0.22,0.0846
Mexico,2026-04-07,22,0.00,0.17,0.1517
Mongolia,2026-04-04,22,0.00,0.15,0.013
Norway,2026-04-16,22,0.00,0.13,0.0081
Panama,2026-04-21,22,0.01,0.23,0.2245
South Africa,2026-04-03,22,0.00,0.08,0.0501
South Africa,2026-04-06,22,0.01,0.26,0.041
Thailand,2026-04-11,22,0.01,0.37,0.0132
Belgium,2026-04-16,21,0.00,0.14,0.0237
Georgia,2026-04-03,21,0.00,0.17,0.0435
Hungary,2026-04-13,21,0.01,0.25,0.0182
India,2026-04-23,21,0.00,0.14,0.0109
Ireland,2026-04-11,21,0.00,0.12,0.029
Israel,2026-04-09,21,0.00,0.14,0.025
Kyrgyzstan,2026-04-21,21,0.01,0.25,0.0477
Latvia,2026-04-22,21,0.00,0.14,0.0119
Lithuania,2026-04-08,21,0.00,0.17,0.009
Lithuania,2026-04-15,21,0.00,0.15,0.0111
Mongolia,2026-03-30,21,0.00,0.15,0.0275
Mongolia,2026-04-12,21,0.00,0.14,0.0266
New Zealand,2026-04-07,21,0.00,0.20,0.0665
New Zealand,2026-04-20,21,0.01,0.33,0.0319
Panama,2026-04-22,21,0.01,0.24,0.1489
Philippines,2026-04-17,21,0.00,0.13,0.0212
Thailand,2026-04-07,21,0.00,0.02,0.0134
Bulgaria,2026-04-14,20,0.00,0.06,0.0136
Hungary,2026-04-12,20,0.00,0.22,0.0151
Hungary,2026-04-21,20,0.00,0.16,0.0157
Ireland,2026-04-01,20,0.01,0.37,0.0501
Ireland,2026-04-21,20,0.00,0.23,0.0573
Israel,2026-04-08,20,0.00,0.19,0.0337
Mexico,2026-04-13,20,0.00,0.18,0.0962
Mongolia,2026-04-01,20,0.00,0.16,0.0158
Panama,2026-04-20,20,0.00,0.15,0.4878
Puerto Rico,2026-04-12,20,0.00,0.18,0.1613
Thailand,2026-04-14,20,0.01,0.34,0.0147
Thailand,2026-04-15,20,0.01,0.25,0.0133
Belgium,2026-04-10,19,0.01,0.27,0.0165
Hungary,2026-04-20,19,0.00,0.06,0.0131
India,2026-04-12,19,0.00,0.13,0.0098
India,2026-04-17,19,0.00,0.10,0.008
India,2026-04-19,19,0.00,0.08,0.0084
Israel,2026-03-30,19,0.00,0.14,0.038
Israel,2026-04-21,19,0.01,0.30,0.0277
Mongolia,2026-04-20,19,0.00,0.14,0.0122
New Zealand,2026-04-04,19,0.00,0.20,0.0344
New Zealand,2026-04-15,19,0.00,0.14,0.0237
New Zealand,2026-04-18,19,0.01,0.40,0.0144
Serbia,2026-04-21,19,0.00,0.17,0.0141
South Africa,2026-04-12,19,0.00,0.07,0.0583
Uruguay,2026-04-14,19,0.01,0.26,0.0525
Belgium,2026-04-01,18,0.01,0.31,0.0211
Croatia,2026-03-30,18,0.01,0.39,0.0288
Estonia,2026-04-16,18,0.01,0.43,0.0135
India,2026-04-05,18,0.01,0.36,0.0092
India,2026-04-15,18,0.00,0.18,0.0087
Israel,2026-04-20,18,0.00,0.22,0.0167
Italy,2026-04-04,18,0.00,0.06,0.0386
Latvia,2026-04-13,18,0.00,0.17,0.0118
New Zealand,2026-04-16,18,0.00,0.26,0.0503
New Zealand,2026-04-23,18,0.00,0.26,0.0229
Philippines,2026-04-04,18,0.00,0.09,0.0222
Philippines,2026-04-15,18,0.00,0.19,0.0167
South Africa,2026-04-14,18,0.00,0.08,0.0173
South Africa,2026-04-23,18,0.00,0.10,0.0278
Thailand,2026-04-17,18,0.00,0.11,0.0146
Thailand,2026-04-23,18,0.00,0.12,0.0067
Greece,2026-03-31,17,0.01,0.81,0.0336
India,2026-04-13,17,0.00,0.18,0.0102
Ireland,2026-03-31,17,0.01,0.39,0.0242
Ireland,2026-04-13,17,0.00,0.23,0.0437
Israel,2026-04-11,17,0.00,0.16,0.0288
Italy,2026-04-03,17,0.00,0.13,0.0385
Italy,2026-04-14,17,0.00,0.14,0.0349
Italy,2026-04-23,17,0.00,0.03,0.0241
Kyrgyzstan,2026-04-05,17,0.01,0.37,0.0736
Mexico,2026-04-16,17,0.00,0.14,0.0876
Mongolia,2026-04-02,17,0.00,0.14,0.0218
New Zealand,2026-03-30,17,0.00,0.20,0.0548
North Macedonia,2026-03-30,17,0.00,0.17,0.0726
Colombia,2026-04-10,16,0.00,0.04,0.1468
Greece,2026-04-17,16,0.00,0.27,0.0214
Ireland,2026-03-30,16,0.01,0.42,0.0307
Italy,2026-04-06,16,0.00,0.16,0.0314
Italy,2026-04-13,16,0.00,0.17,0.0246
Kyrgyzstan,2026-04-04,16,0.00,0.28,0.0444
Kyrgyzstan,2026-04-10,16,0.00,0.20,0.0347
Lithuania,2026-04-16,16,0.00,0.16,0.0075
Luxembourg,2026-04-10,16,0.00,0.00,0.2353
New Zealand,2026-04-05,16,0.00,0.19,0.0431
Slovakia,2026-04-19,16,0.00,0.24,0.0058
South Africa,2026-04-05,16,0.00,0.29,0.0365
United Arab Emirates,2026-04-17,16,0.01,0.89,0.0128
Bulgaria,2026-03-30,15,0.00,0.18,0.0103
Colombia,2026-04-09,15,0.00,0.03,0.1429
Croatia,2026-04-18,15,0.00,0.17,0.046
Georgia,2026-04-23,15,0.00,0.15,0.0268
India,2026-04-11,15,0.00,0.12,0.0081
India,2026-04-18,15,0.00,0.15,0.0081
Ireland,2026-04-04,15,0.00,0.20,0.0243
Latvia,2026-04-19,15,0.00,0.12,0.0082
Mexico,2026-04-10,15,0.01,0.36,0.0806
Mongolia,2026-04-07,15,0.00,0.14,0.0238
North Macedonia,2026-04-13,15,0.00,0.00,0.0399
Norway,2026-04-21,15,0.00,0.07,0.0056
Philippines,2026-04-08,15,0.00,0.04,0.0211
United Arab Emirates,2026-04-04,15,0.00,0.19,0.0352
Finland,2026-04-01,14,0.00,0.02,0.0033
Greece,2026-04-18,14,0.00,0.34,0.0282
Indonesia,2026-04-23,14,0.00,0.01,0.0173
Ireland,2026-04-22,14,0.00,0.09,0.0371
Italy,2026-04-21,14,0.00,0.11,0.0088
Kyrgyzstan,2026-04-08,14,0.01,0.43,0.0579
Latvia,2026-04-02,14,0.00,0.17,0.0078
Mexico,2026-04-06,14,0.00,0.16,0.0993
Mexico,2026-04-15,14,0.00,0.22,0.0946
Mongolia,2026-04-13,14,0.00,0.16,0.0139
Mongolia,2026-04-14,14,0.00,0.16,0.0141
Netherlands,2026-04-21,14,0.00,0.11,0.0092
New Zealand,2026-03-31,14,0.00,0.20,0.0324
New Zealand,2026-04-02,14,0.00,0.20,0.0221
Paraguay,2026-03-30,14,0.01,0.40,0.3333
Singapore,2026-04-13,14,0.00,0.19,0.0047
Slovenia,2026-04-02,14,0.00,0.23,0.0132
South Africa,2026-04-20,14,0.00,0.07,0.0337
Belgium,2026-04-15,13,0.00,0.12,0.0112
Georgia,2026-04-09,13,0.00,0.19,0.0346
India,2026-04-10,13,0.00,0.29,0.0061
Ireland,2026-04-03,13,0.00,0.18,0.029
Kyrgyzstan,2026-04-09,13,0.00,0.28,0.0367
Mongolia,2026-04-06,13,0.00,0.13,0.0162
Mongolia,2026-04-08,13,0.00,0.16,0.0171
Mongolia,2026-04-11,13,0.00,0.14,0.0157
Mongolia,2026-04-15,13,0.00,0.16,0.0126
Mongolia,2026-04-17,13,0.00,0.16,0.0151
Mongolia,2026-04-18,13,0.00,0.15,0.0125
New Zealand,2026-04-19,13,0.01,0.44,0.0247
Panama,2026-04-23,13,0.00,0.27,0.115
Philippines,2026-04-03,13,0.00,0.11,0.0212
Uruguay,2026-04-22,13,0.00,0.23,0.0578
China,2026-04-08,12,0.00,0.21,0.0065
Croatia,2026-04-10,12,0.00,0.19,0.0166
Croatia,2026-04-11,12,0.00,0.17,0.0379
El Salvador,2026-03-30,12,0.00,0.27,0.5
Georgia,2026-04-08,12,0.00,0.14,0.0318
Georgia,2026-04-13,12,0.00,0.16,0.0374
India,2026-04-22,12,0.00,0.17,0.0066
Indonesia,2026-03-30,12,0.00,0.06,0.0119
Indonesia,2026-04-05,12,0.02,2.06,0.0139
Indonesia,2026-04-16,12,0.00,0.00,0.0102
Ireland,2026-04-02,12,0.00,0.16,0.0513
Israel,2026-04-02,12,0.00,0.16,0.0285
Kyrgyzstan,2026-04-06,12,0.00,0.25,0.0383
New Zealand,2026-04-01,12,0.00,0.17,0.035
New Zealand,2026-04-17,12,0.00,0.15,0.0209
New Zealand,2026-04-21,12,0.00,0.37,0.0224
North Macedonia,2026-04-01,12,0.00,0.15,0.0196
North Macedonia,2026-04-07,12,0.00,0.15,0.0909
Norway,2026-04-20,12,0.00,0.01,0.0036
Panama,2026-04-17,12,0.00,0.17,0.2609
Philippines,2026-04-10,12,0.00,0.04,0.0175
Serbia,2026-04-11,12,0.00,0.16,0.0079
United Arab Emirates,2026-04-06,12,0.00,0.12,0.02
Uruguay,2026-03-30,12,0.00,0.20,0.0563
Uruguay,2026-03-31,12,0.00,0.25,0.0519
Colombia,2026-04-03,11,0.00,0.20,0.1774
Croatia,2026-03-31,11,0.00,0.35,0.0222
Croatia,2026-04-20,11,0.00,0.20,0.0303
Croatia,2026-04-22,11,0.00,0.13,0.0253
Georgia,2026-04-06,11,0.00,0.16,0.0287
Georgia,2026-04-11,11,0.00,0.15,0.0325
Indonesia,2026-04-19,11,0.00,0.00,0.0038
Israel,2026-03-31,11,0.00,0.28,0.0257
Israel,2026-04-03,11,0.00,0.16,0.01
Israel,2026-04-04,11,0.00,0.38,0.0152
Israel,2026-04-15,11,0.00,0.31,0.0174
Italy,2026-04-17,11,0.00,0.08,0.0191
Latvia,2026-04-10,11,0.00,0.15,0.0087
Lithuania,2026-04-21,11,0.00,0.13,0.0076
Mongolia,2026-04-23,11,0.00,0.15,0.009
New Zealand,2026-04-14,11,0.00,0.18,0.0167
Saudi Arabia,2026-03-31,11,0.00,0.21,0.1122
Saudi Arabia,2026-04-03,11,0.00,0.16,0.1068
South Africa,2026-04-07,11,0.00,0.12,0.0227
United Arab Emirates,2026-04-20,11,0.00,0.12,0.0272
Uruguay,2026-04-17,11,0.00,0.24,0.0437
Uruguay,2026-04-18,11,0.00,0.22,0.0529
Belgium,2026-04-20,10,0.01,0.59,0.0098
Colombia,2026-04-16,10,0.00,0.17,0.2
Egypt,2026-04-18,10,0.00,0.12,0.1852
Georgia,2026-04-15,10,0.00,0.16,0.0312
Indonesia,2026-04-07,10,0.00,0.02,0.006
Ireland,2026-04-08,10,0.00,0.08,0.0181
Latvia,2026-04-08,10,0.00,0.16,0.0091
Lebanon,2026-04-10,10,0.00,0.28,0.0541
Moldova,2026-04-03,10,0.01,0.51,0.0142
Moldova,2026-04-04,10,0.01,0.54,0.0066
North Macedonia,2026-04-08,10,0.00,0.10,0.045
Philippines,2026-04-09,10,0.00,0.10,0.004
Philippines,2026-04-12,10,0.00,0.16,0.0122
Slovakia,2026-04-18,10,0.00,0.26,0.0067
South Africa,2026-04-02,10,0.00,0.14,0.0212
South Africa,2026-04-18,10,0.00,0.07,0.013
Thailand,2026-04-13,10,0.00,0.34,0.0107
United Arab Emirates,2026-04-03,10,0.00,0.06,0.0229
Uruguay,2026-04-06,10,0.00,0.31,0.0375
China,2026-03-30,9,0.00,0.19,0.005
China,2026-04-17,9,0.00,0.00,0.0099
China,2026-04-23,9,0.00,0.24,0.0093
Colombia,2026-04-20,9,0.00,0.16,0.15
Croatia,2026-04-07,9,0.00,0.20,0.0127
Croatia,2026-04-08,9,0.00,0.17,0.0234
Georgia,2026-04-22,9,0.00,0.14,0.0266
Ireland,2026-04-19,9,0.00,0.01,0.0388
Israel,2026-04-05,9,0.00,0.08,0.0162
Israel,2026-04-19,9,0.00,0.45,0.0116
Latvia,2026-04-07,9,0.00,0.27,0.0075
Lithuania,2026-03-31,9,0.01,0.68,0.0044
Peru,2026-04-13,9,0.00,0.08,0.0108
Philippines,2026-03-30,9,0.00,0.08,0.0095
Philippines,2026-04-19,9,0.00,0.06,0.0136
Serbia,2026-04-20,9,0.00,0.12,0.0102
Slovenia,2026-03-30,9,0.00,0.15,0.0218
Tajikistan,2026-03-31,9,0.00,0.13,0.0417
United Arab Emirates,2026-04-23,9,0.01,1.04,0.0142
Belgium,2026-04-17,8,0.00,0.24,0.0106
Belgium,2026-04-18,8,0.00,0.20,0.0081
Belgium,2026-04-21,8,0.00,0.37,0.0103
China,2026-04-20,8,0.00,0.18,0.0068
Colombia,2026-04-02,8,0.00,0.21,0.1111
Colombia,2026-04-06,8,0.00,0.24,0.062
Croatia,2026-04-19,8,0.00,0.17,0.0181
Finland,2026-03-30,8,0.00,0.03,0.0022
India,2026-04-20,8,0.00,0.16,0.0043
Indonesia,2026-04-09,8,0.00,0.07,0.0079
Indonesia,2026-04-18,8,0.00,0.00,0.0086
Ireland,2026-04-05,8,0.00,0.08,0.016
Ireland,2026-04-07,8,0.00,0.23,0.0136
Ireland,2026-04-16,8,0.00,0.08,0.026
Israel,2026-04-18,8,0.00,0.15,0.0102
Kyrgyzstan,2026-04-02,8,0.00,0.41,0.0284
Kyrgyzstan,2026-04-20,8,0.00,0.35,0.0352
Latvia,2026-04-09,8,0.00,0.13,0.006
Latvia,2026-04-15,8,0.00,0.16,0.0061
Lebanon,2026-04-06,8,0.00,0.22,0.0576
Lithuania,2026-04-17,8,0.00,0.13,0.0044
North Macedonia,2026-04-05,8,0.00,0.08,0.0356
Philippines,2026-04-07,8,0.00,0.02,0.0075
Qatar,2026-04-13,8,0.00,0.19,0.2667
Serbia,2026-04-03,8,0.00,0.16,0.0074
Serbia,2026-04-22,8,0.00,0.15,0.0081
South Africa,2026-04-13,8,0.00,0.14,0.0189
South Africa,2026-04-17,8,0.00,0.05,0.0182
Uruguay,2026-04-16,8,0.00,0.21,0.0301
Albania,2026-04-12,7,0.00,0.15,0.0636
Belgium,2026-04-23,7,0.00,0.36,0.0049
China,2026-04-01,7,0.00,0.32,0.0031
China,2026-04-12,7,0.00,0.30,0.0057
Honduras,2026-04-03,7,0.00,0.26,0.4118
Honduras,2026-04-06,7,0.00,0.16,0.5385
Honduras,2026-04-07,7,0.00,0.19,0.3182
Iceland,2026-04-20,7,0.01,1.25,0.0387
India,2026-04-21,7,0.00,0.12,0.0035
Indonesia,2026-04-10,7,0.00,0.50,0.0063
Indonesia,2026-04-20,7,0.00,0.09,0.0069
Israel,2026-04-10,7,0.00,0.12,0.0069
Kyrgyzstan,2026-04-01,7,0.00,0.25,0.0135
Lebanon,2026-04-01,7,0.00,0.27,0.0522
Moldova,2026-04-11,7,0.00,0.00,0.0106
North Macedonia,2026-04-02,7,0.00,0.06,0.0372
North Macedonia,2026-04-06,7,0.00,0.19,0.0405
North Macedonia,2026-04-14,7,0.00,0.00,0.0286
North Macedonia,2026-04-16,7,0.00,0.00,0.0244
Philippines,2026-04-05,7,0.00,0.12,0.0161
Philippines,2026-04-11,7,0.00,0.11,0.0095
Philippines,2026-04-14,7,0.00,0.24,0.0102
Saudi Arabia,2026-04-22,7,0.01,0.77,0.0714
Slovenia,2026-04-16,7,0.00,0.16,0.0168
South Africa,2026-04-21,7,0.00,0.04,0.0177
South Africa,2026-04-22,7,0.00,0.11,0.0096
United Arab Emirates,2026-04-07,7,0.00,0.07,0.02
United Arab Emirates,2026-04-22,7,0.01,1.84,0.0158
Uruguay,2026-04-01,7,0.00,0.35,0.0152
,2026-04-21,6,0.00,0.28,0.1154
China,2026-04-06,6,0.00,0.35,0.0011
China,2026-04-09,6,0.00,0.34,0.0059
China,2026-04-21,6,0.00,0.22,0.0043
Colombia,2026-03-31,6,0.00,0.19,0.0426
Colombia,2026-04-01,6,0.00,0.26,0.0659
Colombia,2026-04-05,6,0.00,0.12,0.1053
Croatia,2026-04-01,6,0.00,0.54,0.0127
Croatia,2026-04-14,6,0.00,0.17,0.0116
Ecuador,2026-04-07,6,0.00,0.17,0.2069
El Salvador,2026-04-03,6,0.00,0.16,0.3158
Georgia,2026-04-17,6,0.00,0.19,0.0096
Guatemala,2026-04-04,6,0.00,0.13,0.2857
Guatemala,2026-04-16,6,0.00,0.40,0.1622
Guatemala,2026-04-17,6,0.00,0.61,0.0741
Indonesia,2026-03-31,6,0.00,0.09,0.0066
Indonesia,2026-04-02,6,0.00,0.04,0.004
Indonesia,2026-04-03,6,0.00,0.03,0.0036
Indonesia,2026-04-04,6,0.00,0.15,0.0072
Ireland,2026-04-14,6,0.00,0.41,0.0219
Israel,2026-04-07,6,0.00,0.16,0.0074
Israel,2026-04-12,6,0.00,0.22,0.017
Israel,2026-04-14,6,0.00,0.26,0.0122
Jordan,2026-04-05,6,0.00,0.14,0.0278
Latvia,2026-04-06,6,0.00,0.14,0.0037
Moldova,2026-04-08,6,0.00,0.00,0.008
Moldova,2026-04-13,6,0.00,0.16,0.0025
Pakistan,2026-04-09,6,0.00,0.16,0.013
Philippines,2026-04-13,6,0.00,0.13,0.012
Philippines,2026-04-16,6,0.00,0.10,0.0055
Philippines,2026-04-23,6,0.00,0.29,0.0063
Saudi Arabia,2026-04-02,6,0.01,0.99,0.039
Saudi Arabia,2026-04-09,6,0.00,0.17,0.0606
Serbia,2026-04-12,6,0.00,0.17,0.0024
Slovenia,2026-04-04,6,0.00,0.08,0.0142
Slovenia,2026-04-19,6,0.00,0.19,0.0137
South Africa,2026-04-08,6,0.00,0.07,0.028
South Africa,2026-04-16,6,0.00,0.00,0.025
United Arab Emirates,2026-04-18,6,0.00,0.20,0.0112
Uruguay,2026-04-02,6,0.00,0.26,0.0246
Uruguay,2026-04-19,6,0.00,0.16,0.0088
,2026-04-02,5,0.00,0.47,0.125
,2026-04-03,5,0.00,0.20,0.1064
,2026-04-10,5,0.00,0.12,0.0893
Bosnia and Herzegovina,2026-04-17,5,0.00,0.16,0.0096
Cambodia,2026-04-07,5,0.00,0.19,0.2273
China,2026-04-11,5,0.00,0.31,0.0031
China,2026-04-13,5,0.00,0.36,0.0038
Colombia,2026-03-30,5,0.00,0.23,0.0588
Colombia,2026-04-15,5,0.00,0.00,0.0676
Colombia,2026-04-19,5,0.00,0.10,0.061
Colombia,2026-04-21,5,0.00,0.27,0.0714
Colombia,2026-04-22,5,0.00,0.19,0.098
Croatia,2026-04-21,5,0.00,0.19,0.0112
Ecuador,2026-04-18,5,0.00,0.19,0.1852
Georgia,2026-03-31,5,0.00,0.49,0.0133
Georgia,2026-04-01,5,0.00,0.11,0.0152
Georgia,2026-04-19,5,0.00,0.15,0.0185
Greece,2026-04-01,5,0.00,0.28,0.0082
Guatemala,2026-04-08,5,0.00,0.27,0.125
Ireland,2026-04-06,5,0.00,0.13,0.0147
Israel,2026-04-01,5,0.00,0.15,0.0104
Kyrgyzstan,2026-04-11,5,0.00,0.38,0.0116
Kyrgyzstan,2026-04-17,5,0.00,0.18,0.005
Latvia,2026-04-14,5,0.00,0.13,0.004
Latvia,2026-04-21,5,0.00,0.08,0.003
Lebanon,2026-04-11,5,0.00,0.28,0.1136
Lithuania,2026-04-14,5,0.00,0.12,0.0029
Lithuania,2026-04-23,5,0.00,0.14,0.0027
Moldova,2026-04-05,5,0.00,0.32,0.0057
North Macedonia,2026-04-04,5,0.00,0.12,0.0217
North Macedonia,2026-04-12,5,0.00,0.00,0.0254
North Macedonia,2026-04-15,5,0.00,0.00,0.0244
Philippines,2026-04-21,5,0.00,0.07,0.0046
Puerto Rico,2026-03-30,5,0.00,0.35,0.3333
Saudi Arabia,2026-04-05,5,0.00,0.14,0.0365
Saudi Arabia,2026-04-06,5,0.00,0.12,0.0575
Saudi Arabia,2026-04-12,5,0.00,0.15,0.0084
Serbia,2026-04-23,5,0.00,0.19,0.0065
Slovakia,2026-04-17,5,0.00,0.24,0.0039
Slovenia,2026-04-01,5,0.00,0.12,0.0056
Slovenia,2026-04-03,5,0.00,0.13,0.0233
Slovenia,2026-04-15,5,0.00,0.18,0.0131
United Arab Emirates,2026-03-30,5,0.00,0.00,0.0018
United Arab Emirates,2026-04-05,5,0.00,0.18,0.0214
United Arab Emirates,2026-04-21,5,0.00,0.56,0.0058
Uruguay,2026-04-03,5,0.00,0.31,0.0209
Uruguay,2026-04-04,5,0.00,0.23,0.0146
Uruguay,2026-04-15,5,0.00,0.23,0.0073
Uruguay,2026-04-20,5,0.00,0.20,0.0287
,2026-04-13,4,0.00,0.18,0.0615
Cambodia,2026-03-30,4,0.00,0.25,0.0317
Cambodia,2026-04-01,4,0.00,0.16,0.0513
Cambodia,2026-04-05,4,0.00,0.45,0.3077
Cambodia,2026-04-19,4,0.00,0.24,0.1026
Colombia,2026-04-13,4,0.00,0.11,0.069
Colombia,2026-04-14,4,0.00,0.37,0.0741
Colombia,2026-04-17,4,0.00,0.00,0.0227
Costa Rica,2026-04-14,4,0.00,0.26,0.0126
Costa Rica,2026-04-23,4,0.00,0.19,0.1053
Croatia,2026-04-23,4,0.00,0.20,0.0143
Cyprus,2026-04-16,4,0.00,0.35,0.0374
Ecuador,2026-03-30,4,0.00,0.24,0.0435
Ecuador,2026-03-31,4,0.00,0.32,0.1818
Ecuador,2026-04-11,4,0.00,0.33,0.2105
Ecuador,2026-04-19,4,0.00,0.21,0.2105
Ecuador,2026-04-22,4,0.00,0.26,0.0714
Egypt,2026-04-01,4,0.00,0.00,0.0482
Georgia,2026-04-02,4,0.00,0.22,0.0159
Georgia,2026-04-04,4,0.00,0.17,0.0084
Guatemala,2026-03-31,4,0.00,0.59,0.3636
Guatemala,2026-04-03,4,0.00,0.13,0.1739
Guatemala,2026-04-21,4,0.00,0.25,0.1481
Honduras,2026-04-05,4,0.00,0.16,0.1379
Indonesia,2026-04-12,4,0.00,0.03,0.0023
Indonesia,2026-04-15,4,0.00,0.07,0.0024
Indonesia,2026-04-17,4,0.00,0.03,0.0033
Israel,2026-04-06,4,0.00,0.22,0.0071
Italy,2026-04-16,4,0.00,0.11,0.0074
Kyrgyzstan,2026-04-19,4,0.00,0.43,0.0231
Kyrgyzstan,2026-04-23,4,0.00,0.36,0.0132
Moldova,2026-03-30,4,0.00,0.41,0.009
Moldova,2026-04-15,4,0.00,0.00,0.0064
Mongolia,2026-04-22,4,0.00,0.15,0.0056
New Zealand,2026-04-06,4,0.00,0.16,0.0177
North Macedonia,2026-04-03,4,0.00,0.07,0.0082
North Macedonia,2026-04-23,4,0.00,0.00,0.0245
Philippines,2026-04-18,4,0.00,0.08,0.0052
Qatar,2026-04-09,4,0.00,0.18,0.1081
Saudi Arabia,2026-03-30,4,0.00,0.15,0.0526
Saudi Arabia,2026-04-01,4,0.00,0.14,0.0354
Saudi Arabia,2026-04-11,4,0.00,0.31,0.0286
Saudi Arabia,2026-04-20,4,0.00,0.30,0.0351
Serbia,2026-04-01,4,0.00,0.03,0.003
Serbia,2026-04-04,4,0.00,0.16,0.0028
Slovenia,2026-04-18,4,0.00,0.12,0.0151
Slovenia,2026-04-23,4,0.00,0.18,0.0168
United Arab Emirates,2026-03-31,4,0.00,0.14,0.0014
United Arab Emirates,2026-04-08,4,0.00,0.07,0.0159
Venezuela,2026-04-20,4,0.00,0.16,0.025
,2026-04-01,3,0.00,0.85,0.075
,2026-04-09,3,0.00,0.43,0.0857
,2026-04-14,3,0.00,0.28,0.0652
,2026-04-19,3,0.00,0.43,0.0833
Albania,2026-03-31,3,0.00,0.37,0.0319
Armenia,2026-04-09,3,0.00,0.24,0.0197
Belarus,2026-04-02,3,0.00,0.09,0.0009
Belarus,2026-04-19,3,0.00,0.19,0.001
Bosnia and Herzegovina,2026-04-04,3,0.00,0.22,0.0099
Bosnia and Herzegovina,2026-04-12,3,0.00,0.15,0.0104
China,2026-04-14,3,0.00,0.13,0.0021
China,2026-04-16,3,0.00,0.21,0.0011
Croatia,2026-04-16,3,0.00,0.23,0.0096
Cyprus,2026-04-13,3,0.00,0.85,0.0333
Cyprus,2026-04-20,3,0.00,0.09,0.0263
Cyprus,2026-04-23,3,0.00,0.04,0.0341
Ecuador,2026-04-04,3,0.00,0.24,0.0395
Ecuador,2026-04-10,3,0.00,0.13,0.0423
El Salvador,2026-03-31,3,0.00,0.53,0.2
Georgia,2026-04-12,3,0.00,0.14,0.0063
Georgia,2026-04-14,3,0.00,0.16,0.0037
Georgia,2026-04-16,3,0.00,0.15,0.0102
Guatemala,2026-04-07,3,0.00,0.27,0.1765
Honduras,2026-04-22,3,0.00,0.26,0.0441
Iceland,2026-04-17,3,0.00,0.00,0.0021
Indonesia,2026-04-06,3,0.00,0.00,0.0028
Indonesia,2026-04-11,3,0.00,0.11,0.0016
Indonesia,2026-04-14,3,0.01,2.17,0.0026
Israel,2026-04-13,3,0.00,0.24,0.0069
Kuwait,2026-04-07,3,0.00,0.23,0.0789
Kyrgyzstan,2026-04-16,3,0.00,0.34,0.0045
Latvia,2026-04-11,3,0.00,0.13,0.002
Latvia,2026-04-12,3,0.00,0.13,0.0023
Lebanon,2026-04-14,3,0.00,0.29,0.0361
Lithuania,2026-04-22,3,0.00,0.15,0.0017
Luxembourg,2026-03-30,3,0.00,0.18,0.12
Luxembourg,2026-04-09,3,0.00,0.00,0.0882
Moldova,2026-04-01,3,0.00,0.56,0.0032
Moldova,2026-04-20,3,0.00,0.46,0.005
Mongolia,2026-04-21,3,0.00,0.13,0.0037
North Macedonia,2026-04-19,3,0.00,0.00,0.0182
Norway,2026-04-14,3,0.00,0.13,0.0011
Pakistan,2026-04-19,3,0.00,0.00,0.0115
Panama,2026-04-01,3,0.00,0.15,0.0732
Panama,2026-04-05,3,0.00,0.27,0.0833
Panama,2026-04-18,3,0.00,0.18,0.125
Philippines,2026-04-01,3,0.00,0.04,0.0032
Philippines,2026-04-22,3,0.00,0.00,0.0038
Puerto Rico,2026-04-10,3,0.00,0.14,0.0429
Saudi Arabia,2026-04-08,3,0.00,0.14,0.0252
Saudi Arabia,2026-04-10,3,0.00,0.13,0.004
Saudi Arabia,2026-04-13,3,0.00,0.45,0.0254
Saudi Arabia,2026-04-21,3,0.00,0.24,0.0291
Serbia,2026-04-17,3,0.00,0.27,0.0027
Slovenia,2026-03-31,3,0.00,0.15,0.0099
Slovenia,2026-04-11,3,0.00,0.13,0.0142
Slovenia,2026-04-20,3,0.00,0.14,0.0109
Tajikistan,2026-04-02,3,0.00,0.13,0.0492
Trinidad and Tobago,2026-04-07,3,0.00,0.15,0.125
United Arab Emirates,2026-04-01,3,0.00,0.23,0.0044
United Arab Emirates,2026-04-02,3,0.00,0.05,0.0087
United Arab Emirates,2026-04-11,3,0.00,0.14,0.0072
Uruguay,2026-04-07,3,0.00,0.34,0.0263
Uruguay,2026-04-08,3,0.00,0.21,0.0053
Uruguay,2026-04-13,3,0.00,0.24,0.0106
Venezuela,2026-04-16,3,0.00,0.18,0.0242
,2026-03-31,2,0.00,0.15,0.0426
,2026-04-07,2,0.00,0.16,0.0952
,2026-04-08,2,0.00,0.16,0.0606
,2026-04-16,2,0.00,0.17,0.08
,2026-04-22,2,0.00,0.18,0.0455
Albania,2026-04-06,2,0.00,0.00,0.0357
Armenia,2026-04-01,2,0.00,0.13,0.0183
Bahrain,2026-03-30,2,0.00,1.33,0.125
Belarus,2026-04-13,2,0.00,0.10,0.0009
Bolivia,2026-04-11,2,0.00,0.13,0.0048
Bolivia,2026-04-16,2,0.00,0.23,0.0385
Cambodia,2026-04-08,2,0.00,0.19,0.0588
Cambodia,2026-04-12,2,0.00,0.21,0.0127
Cambodia,2026-04-17,2,0.00,0.27,0.0606
Cambodia,2026-04-21,2,0.00,0.31,0.0606
China,2026-04-04,2,0.00,0.17,0.0008
China,2026-04-18,2,0.00,0.07,0.001
Colombia,2026-04-04,2,0.00,0.00,0.029
Colombia,2026-04-08,2,0.00,0.09,0.0588
Costa Rica,2026-04-13,2,0.00,0.23,0.0058
Costa Rica,2026-04-19,2,0.00,0.29,0.0769
Costa Rica,2026-04-21,2,0.00,0.20,0.1176
Croatia,2026-04-06,2,0.00,0.28,0.0043
Croatia,2026-04-13,2,0.00,0.13,0.0052
Cyprus,2026-03-31,2,0.00,0.00,0.0105
Cyprus,2026-04-08,2,0.00,0.06,0.023
Dominican Republic,2026-04-06,2,0.00,0.27,0.0833
Dominican Republic,2026-04-17,2,0.00,0.17,0.2
Ecuador,2026-04-05,2,0.00,0.14,0.1429
Ecuador,2026-04-12,2,0.00,0.15,0.2
Ecuador,2026-04-15,2,0.00,0.13,0.2222
Egypt,2026-04-06,2,0.00,0.06,0.0227
Egypt,2026-04-07,2,0.00,0.12,0.0351
Egypt,2026-04-21,2,0.00,0.00,0.016
El Salvador,2026-04-14,2,0.00,0.30,0.3333
Georgia,2026-04-07,2,0.00,0.14,0.007
Georgia,2026-04-10,2,0.00,0.32,0.0031
Georgia,2026-04-18,2,0.00,0.20,0.0097
Guatemala,2026-04-09,2,0.00,0.14,0.0588
Guatemala,2026-04-13,2,0.00,0.27,0.0667
Honduras,2026-04-02,2,0.00,0.54,0.1429
Honduras,2026-04-20,2,0.00,0.14,0.0392
Iceland,2026-04-06,2,0.00,1.05,0.0149
Indonesia,2026-04-08,2,0.00,0.07,0.0019
Iraq,2026-04-14,2,0.00,0.13,0.0357
Kyrgyzstan,2026-04-07,2,0.00,0.19,0.006
Luxembourg,2026-04-03,2,0.00,0.00,0.0328
Macao,2026-04-03,2,0.00,0.00,0.0062
Macao,2026-04-12,2,0.00,0.00,0.04
Moldova,2026-04-16,2,0.00,0.00,0.003
Montenegro,2026-04-07,2,0.00,0.15,0.0417
Montenegro,2026-04-08,2,0.00,0.17,0.0351
Montenegro,2026-04-11,2,0.00,0.16,0.0526
Nicaragua,2026-04-17,2,0.00,0.19,0.25
North Macedonia,2026-04-10,2,0.00,0.00,0.0097
North Macedonia,2026-04-11,2,0.00,0.00,0.0041
Pakistan,2026-04-02,2,0.00,0.15,0.0071
Pakistan,2026-04-06,2,0.00,0.00,0.0032
Pakistan,2026-04-08,2,0.00,0.00,0.0093
Panama,2026-04-09,2,0.00,0.31,0.0323
Paraguay,2026-03-31,2,0.00,0.35,0.0556
Paraguay,2026-04-14,2,0.00,0.00,0.0149
Philippines,2026-04-06,2,0.00,0.00,0.0021
Philippines,2026-04-20,2,0.00,0.23,0.0019
Qatar,2026-04-08,2,0.00,0.20,0.0952
Qatar,2026-04-10,2,0.00,0.17,0.0215
Saudi Arabia,2026-04-14,2,0.00,0.12,0.0172
Serbia,2026-03-30,2,0.00,0.11,0.0012
Serbia,2026-04-06,2,0.00,0.23,0.0019
Serbia,2026-04-13,2,0.00,0.19,0.0014
Serbia,2026-04-15,2,0.00,0.24,0.0013
Serbia,2026-04-16,2,0.00,0.22,0.002
Serbia,2026-04-18,2,0.00,0.30,0.0022
Tajikistan,2026-04-04,2,0.00,0.12,0.0294
Tajikistan,2026-04-12,2,0.00,0.13,0.0667
Turkmenistan,2026-04-13,2,0.00,0.29,0.1111
Turkmenistan,2026-04-19,2,0.00,0.07,0.0645
United Arab Emirates,2026-04-10,2,0.00,0.29,0.0043
United Arab Emirates,2026-04-13,2,0.00,0.00,0.0023
United Arab Emirates,2026-04-14,2,0.00,0.14,0.003
United Arab Emirates,2026-04-15,2,0.00,0.14,0.0037
United Arab Emirates,2026-04-19,2,0.00,0.21,0.0045
Uruguay,2026-04-10,2,0.00,0.13,0.0115
Uruguay,2026-04-12,2,0.00,0.12,0.0068
Venezuela,2026-04-21,2,0.00,0.21,0.0116
Zambia,2026-04-20,2,0.00,0.00,0.1818
,2026-03-30,1,0.00,0.12,0.0139
,2026-04-05,1,0.00,0.27,0.0345
,2026-04-11,1,0.00,0.42,0.0204
,2026-04-12,1,0.00,0.00,0.0238
,2026-04-18,1,0.00,0.14,0.025
Albania,2026-03-30,1,0.00,0.14,0.0074
Albania,2026-04-08,1,0.00,0.00,0.0109
Albania,2026-04-22,1,0.00,0.13,0.011
Albania,2026-04-23,1,0.00,0.21,0.0089
Algeria,2026-04-17,1,0.00,0.00,0.0032
Bahrain,2026-04-03,1,0.00,0.17,0.1
Bahrain,2026-04-06,1,0.00,0.17,0.037
Belarus,2026-04-08,1,0.00,0.14,0.0002
Belarus,2026-04-20,1,0.00,0.20,0.0002
Belarus,2026-04-21,1,0.00,0.13,0.0002
Bosnia and Herzegovina,2026-03-30,1,0.00,0.17,0.0034
Bosnia and Herzegovina,2026-04-06,1,0.00,0.15,0.0042
Bosnia and Herzegovina,2026-04-08,1,0.00,0.13,0.005
Bosnia and Herzegovina,2026-04-10,1,0.00,0.29,0.0049
Bosnia and Herzegovina,2026-04-11,1,0.00,0.14,0.0021
Bosnia and Herzegovina,2026-04-15,1,0.00,0.18,0.0037
Brunei,2026-04-20,1,0.00,0.12,0.0357
Cambodia,2026-04-16,1,0.00,0.26,0.1111
Cambodia,2026-04-20,1,0.00,0.32,0.0769
China,2026-04-02,1,0.00,0.19,0.0007
China,2026-04-10,1,0.00,0.32,0.0006
China,2026-04-15,1,0.00,0.32,0.0008
China,2026-04-19,1,0.00,0.40,0.0009
China,2026-04-22,1,0.00,0.00,0.0008
Colombia,2026-04-07,1,0.00,0.15,0.0196
Colombia,2026-04-18,1,0.00,0.40,0.0132
Costa Rica,2026-04-05,1,0.00,0.14,0.037
Costa Rica,2026-04-07,1,0.00,0.13,0.0909
Costa Rica,2026-04-08,1,0.00,0.20,0.0385
Costa Rica,2026-04-09,1,0.00,0.27,0.0556
Costa Rica,2026-04-15,1,0.00,0.31,0.1429
Costa Rica,2026-04-17,1,0.00,0.30,0.0625
Costa Rica,2026-04-18,1,0.00,0.16,0.0476
Costa Rica,2026-04-20,1,0.00,0.27,0.0222
Croatia,2026-04-12,1,0.00,0.26,0.0025
Croatia,2026-04-15,1,0.00,0.27,0.0017
Cyprus,2026-04-04,1,0.00,0.00,0.0105
Cyprus,2026-04-18,1,0.00,0.00,0.0042
Dominican Republic,2026-04-03,1,0.00,0.13,0.0833
Dominican Republic,2026-04-16,1,0.00,0.16,0.1
Dominican Republic,2026-04-19,1,0.00,0.17,0.05
Dominican Republic,2026-04-20,1,0.00,0.18,0.0227
Ecuador,2026-04-03,1,0.00,0.15,0.0476
Ecuador,2026-04-09,1,0.00,0.13,0.0769
Ecuador,2026-04-16,1,0.00,0.23,0.0769
Ecuador,2026-04-17,1,0.00,0.15,0.008
Ecuador,2026-04-20,1,0.00,0.22,0.0417
Egypt,2026-04-03,1,0.00,0.00,0.0455
Egypt,2026-04-05,1,0.00,0.12,0.0455
Egypt,2026-04-16,1,0.00,0.13,0.0222
El Salvador,2026-04-15,1,0.00,0.30,0.3333
Guatemala,2026-04-01,1,0.00,0.22,0.0256
Guatemala,2026-04-02,1,0.00,0.34,0.0417
Guatemala,2026-04-10,1,0.00,0.37,0.0175
Guatemala,2026-04-12,1,0.00,0.44,0.0714
Guatemala,2026-04-15,1,0.00,0.25,0.0769
Honduras,2026-03-30,1,0.00,0.30,0.0417
Honduras,2026-04-01,1,0.00,0.15,0.1
Honduras,2026-04-14,1,0.00,0.30,0.1667
Honduras,2026-04-18,1,0.00,0.30,0.125
Honduras,2026-04-23,1,0.00,0.17,0.0256
Indonesia,2026-04-01,1,0.00,0.00,0.0008
Israel,2026-04-16,1,0.00,1.04,0.0014
Jordan,2026-04-02,1,0.00,0.29,0.0022
Kuwait,2026-03-30,1,0.00,0.48,0.0385
Kuwait,2026-03-31,1,0.00,0.16,0.0278
Kuwait,2026-04-01,1,0.00,0.18,0.0196
Kuwait,2026-04-08,1,0.00,0.13,0.0196
Kuwait,2026-04-13,1,0.00,0.65,0.0294
Kuwait,2026-04-17,1,0.00,0.58,0.0182
Latvia,2026-04-23,1,0.00,0.14,0.0007
Lebanon,2026-03-30,1,0.00,0.21,0.0135
Lebanon,2026-03-31,1,0.00,0.16,0.0101
Lebanon,2026-04-03,1,0.00,0.16,0.0088
Lebanon,2026-04-05,1,0.00,0.28,0.0067
Lebanon,2026-04-07,1,0.00,0.21,0.0065
Lebanon,2026-04-08,1,0.00,0.28,0.0244
Luxembourg,2026-04-02,1,0.00,0.00,0.0244
Luxembourg,2026-04-11,1,0.00,0.00,0.0323
Luxembourg,2026-04-18,1,0.00,0.00,0.0303
Luxembourg,2026-04-22,1,0.00,0.00,0.0167
Luxembourg,2026-04-23,1,0.00,0.00,0.0294
Macao,2026-04-02,1,0.00,0.15,0.0127
Macao,2026-04-05,1,0.00,0.15,0.02
Macao,2026-04-06,1,0.00,0.00,0.0023
Macao,2026-04-19,1,0.00,0.00,0.0082
Malta,2026-04-21,1,0.00,0.00,0.0833
Moldova,2026-03-31,1,0.00,0.56,0.0016
Moldova,2026-04-02,1,0.00,0.48,0.0009
Moldova,2026-04-07,1,0.00,0.00,0.0014
Moldova,2026-04-12,1,0.00,0.00,0.0021
Moldova,2026-04-17,1,0.00,0.00,0.0014
Monaco,2026-04-02,1,0.00,0.14,0.5
Montenegro,2026-04-09,1,0.00,0.12,0.0208
Montenegro,2026-04-13,1,0.00,0.17,0.0152
Montenegro,2026-04-22,1,0.00,0.12,0.0115
Montenegro,2026-04-23,1,0.00,0.13,0.011
Morocco,2026-04-19,1,0.00,0.22,0.0156
Nigeria,2026-04-19,1,0.00,0.12,0.5
North Macedonia,2026-04-09,1,0.00,0.00,0.0068
North Macedonia,2026-04-18,1,0.00,0.00,0.0051
North Macedonia,2026-04-20,1,0.00,0.00,0.0061
North Macedonia,2026-04-21,1,0.00,0.00,0.0047
North Macedonia,2026-04-22,1,0.00,0.00,0.0048
Pakistan,2026-04-01,1,0.00,0.44,0.0006
Panama,2026-03-31,1,0.00,0.67,0.0556
Panama,2026-04-12,1,0.00,0.17,0.0143
Qatar,2026-04-01,1,0.00,0.30,0.0106
Qatar,2026-04-17,1,0.00,0.12,0.0345
Reunion,2026-04-17,1,0.00,0.17,0.0049
Saudi Arabia,2026-04-17,1,0.00,0.31,0.0104
Saudi Arabia,2026-04-18,1,0.00,0.23,0.0114
Serbia,2026-04-07,1,0.00,0.13,0.0011
Serbia,2026-04-10,1,0.00,0.18,0.0008
Serbia,2026-04-14,1,0.00,0.23,0.001
Slovenia,2026-04-05,1,0.00,0.13,0.0029
Slovenia,2026-04-07,1,0.00,0.19,0.0023
Slovenia,2026-04-10,1,0.00,0.20,0.0033
Slovenia,2026-04-13,1,0.00,0.00,0.0032
Slovenia,2026-04-17,1,0.00,0.13,0.0041
Sri Lanka,2026-04-12,1,0.00,0.14,0.0556
Tajikistan,2026-03-30,1,0.00,0.17,0.0213
Tajikistan,2026-04-01,1,0.00,0.13,0.0119
Tajikistan,2026-04-05,1,0.00,0.15,0.0147
Tajikistan,2026-04-06,1,0.00,0.12,0.0118
Tajikistan,2026-04-19,1,0.00,0.13,0.0109
Tajikistan,2026-04-20,1,0.00,0.12,0.0417
Trinidad and Tobago,2026-04-09,1,0.00,0.22,0.0625
United Arab Emirates,2026-04-16,1,0.00,0.63,0.0026
Uruguay,2026-04-05,1,0.00,0.32,0.004
Uruguay,2026-04-09,1,0.00,0.18,0.0066
Uruguay,2026-04-11,1,0.00,0.20,0.0027
Uruguay,2026-04-23,1,0.00,0.18,0.0064
Venezuela,2026-03-30,1,0.00,0.24,0.0067
Venezuela,2026-04-02,1,0.00,0.14,0.0137
Venezuela,2026-04-03,1,0.00,0.26,0.0042
Venezuela,2026-04-04,1,0.00,0.23,0.0081
Venezuela,2026-04-06,1,0.00,0.12,0.0054
Venezuela,2026-04-09,1,0.00,0.19,0.0085
Venezuela,2026-04-10,1,0.00,0.21,0.0081
Venezuela,2026-04-12,1,0.00,0.13,0.0044
Venezuela,2026-04-14,1,0.00,0.16,0.0083
Venezuela,2026-04-19,1,0.00,0.12,0.0128
Venezuela,2026-04-23,1,0.00,0.20,0.0063
Zambia,2026-04-10,1,0.00,0.14,0.2
