Event Created At Date,User ID
2026-04-13,353bf233-c8bc-4d96-ab85-9d6ca9db1e69
2026-04-13,91d3c670-66c2-46a2-9525-5fe2494dec81
2026-04-13,abd54dbb-fddc-4ae3-8f24-35357fce0916
2026-04-13,0fd7df0b-5b99-42f7-9f41-a2136f85b822
2026-04-13,fe2f6869-5999-4508-af03-4f8422381540
2026-04-13,bab80341-9c31-4efd-9cb5-096b948cfc66
2026-04-13,65419ef2-bbc1-45e9-af6e-07782054d20d
2026-04-13,9731a804-5712-43f2-a53f-d4dff75120a2
2026-04-13,884f5b80-d332-400e-891f-11bbd2bc416c
2026-04-13,8eb0b21d-ca80-4a40-8ca8-b0742e16a423
2026-04-13,f0946615-b963-4add-a74f-c42c73e01f9c
2026-04-13,d2e193c1-a713-4bc0-ba9b-23aea249feec
2026-04-13,b00af06c-6bc4-4f8e-b572-71440ec149f0
2026-04-13,62fe1315-eb3a-4b9c-8f36-b6f7605f3051
2026-04-13,5c8dba24-1a60-44a2-97eb-ff3ccdbe1dff
2026-04-13,a24169a5-c160-424d-8fcb-e4923aa94977
2026-04-13,1c89d32a-173e-491a-9025-3a5e0388d05b
2026-04-13,dd7de9f3-9f54-443c-8571-fa43ba6b321b
2026-04-13,cf4817d2-2ece-47cc-9779-5d934946e672
2026-04-13,5b60dbcf-b9fb-4a6c-b58a-2ca83ec16d40
2026-04-13,4768e2c3-767b-4e78-bc08-08a9ffe60cd7
2026-04-13,ad9bc670-81b3-4022-aebe-357729df42a6
2026-04-13,3b035b8b-5743-4061-ab95-6475f2184bcb
2026-04-13,90059c79-cdcb-455d-906c-d05f17d3eb2e
2026-04-13,38c98b45-5abf-40fa-9c28-027d0eea7950
2026-04-13,0dcae95b-9b6f-4a69-8385-ece079fb75b7
2026-04-13,d327b32c-1fb3-40b3-98b2-fa0c11f1e273
2026-04-13,afb70682-73fb-4b56-8515-83f797a6c608
2026-04-13,ad1726f6-f6ad-4ece-87c4-0e8ad5ed2067
2026-04-13,e8efc547-4ba1-4cc7-be15-4e3b0b34ba18
2026-04-13,814cdbdc-0684-4c02-9d0f-57a0aa4df73e
2026-04-13,dc884edf-936c-4e4e-bf1c-24964e340b09
2026-04-13,3a4541b5-738d-41e7-9f9a-304f2937ed38
2026-04-13,2dbf2be2-b810-4702-86a8-2d4f68f43e99
2026-04-13,7800f525-bd07-4eae-a8e3-c5eb96b51266
2026-04-13,26cef61d-54c2-4d7b-b58e-187bb2869b1f
2026-04-13,31722ec0-dd42-495e-b8fe-a76e0228b4c8
2026-04-13,04da95d1-fd93-44fd-b6d6-f0c3b1edbe21
2026-04-13,f9bebf5a-7e1f-4e3f-8697-47fe4153a617
2026-04-13,f2bc1b15-caae-4efb-b5f1-bddc8a5304ce
2026-04-13,e23b7e01-76bd-4879-8be0-ee9f7d8201e1
2026-04-13,30481a7a-3299-4c19-b33b-23c4f88f6a4f
2026-04-13,9cdfc238-ce3e-4daa-a6c0-399faf0ce37f
2026-04-13,880533a7-6d3b-4ed6-a1ba-68b9bc814234
2026-04-13,02b2a4ca-0dd7-4fc8-85ba-8a8e2ef2eade
2026-04-13,4abf458c-b722-4ac7-9658-673b58c732eb
2026-04-13,34d6eedb-8d7c-40c6-aa2e-a1e5d36b8dd3
2026-04-13,d3dea72f-1939-4cf8-8958-7eac17f6f0bb
2026-04-13,93f65ec7-fcc4-43d0-95e5-86c4567edace
2026-04-13,02538060-c893-4a51-8431-450cd67d94ca
2026-04-13,c222f385-0e35-47d3-bf57-aa0aacc8a1fe
2026-04-13,2c15796e-b6f9-4f37-9a00-4c4543db0897
2026-04-13,ce9fa971-e360-4206-8ed9-629652692434
2026-04-13,402fba3a-5825-4e08-b65b-74d7ce22d018
2026-04-13,7fd461e8-624f-4316-822a-5f207054e738
2026-04-13,e91f0d54-8308-4320-8908-a1da425a0669
2026-04-13,4cab0171-7e43-4930-9c1e-e5a2c541ed2c
2026-04-13,b0ab0dd1-90be-4e22-851a-b6629835cb9d
2026-04-13,9afb828d-1ef4-4581-94e0-4353a3ec1f78
2026-04-13,daf2eb6e-1338-4fa9-87c8-bef37683e690
2026-04-13,90e95f73-976f-45f4-844f-bfb4677aaf2f
2026-04-13,0dde2a7d-beb2-4fa0-89ea-7a3edccef987
2026-04-13,dac8c16a-61f6-4ac6-b010-38f843fc3c1c
2026-04-13,36ba76d7-a902-4e29-a2fe-f4e734398e83
2026-04-13,34f3e1fc-6685-4567-ba89-0c49fe131a1b
2026-04-13,dd680574-6602-41df-87f5-ca9ed9170fe2
2026-04-13,549090d3-260a-4ffe-a116-0f7b28e7da7a
2026-04-13,19aef076-1d5d-49ab-a428-d136a7644c70
2026-04-13,c47ebee8-e228-4b8c-b720-036efa255161
2026-04-13,57246379-4cb4-4992-8036-f9b15d3b252b
2026-04-13,23dc04b9-7a4f-40b5-82c7-e19917603b98
2026-04-13,f01b2316-f850-43cf-9804-487ca2d66714
2026-04-13,ddebd456-bf00-4bba-84e0-8be08a9b931c
2026-04-13,20cfd532-50f1-4bdc-bc34-0e0e2a386077
2026-04-13,ed8c7716-1dd1-4ebc-8d95-12ae56fa110c
2026-04-13,a3cf4231-9f98-4483-8c10-160573f8cb83
2026-04-13,8c4eedc9-e398-46c2-a2e2-47fa5b69fb7f
2026-04-13,ed6b5bd6-ae8c-43d5-89b6-adfb19e40259
2026-04-13,8aa8c982-cc78-4e11-95b6-047d03e4ec47
2026-04-13,14a8a82e-cc82-41ee-8c5e-1bffd566d78e
2026-04-13,b0eb2aa9-f303-4a71-b843-fc614f282266
2026-04-13,f97903d3-553a-41e1-9035-89e4b9b0ab9a
2026-04-13,c552887d-b5c1-4b8e-a5ec-52a36300234c
2026-04-13,a3390f40-acb7-46bf-bab9-5ae5e9ec3954
2026-04-13,d238d498-cdb2-406f-8fe1-9e2d05663b3a
2026-04-13,5ac1e121-68d4-4e4e-b9a9-fc5432fe2e4b
2026-04-13,86d26bc7-51bb-465c-a1d7-ef9017fc510a
2026-04-13,bd4deefd-80b6-42f8-9243-2c092d06632f
2026-04-13,46532086-ffc0-4795-9f0f-efa1727b4adb
2026-04-13,7a98ae9b-7ded-4dde-ab65-420c4c5da3db
2026-04-13,fedc7b36-d385-4913-9d0f-63ce25f6ab13
2026-04-13,17bf047c-4808-4654-8028-105db9ca00c8
2026-04-13,16b05b87-f2c3-4abe-8776-405449fbd83e
2026-04-13,dc3e3e94-17b6-44f8-9dd1-0334c1e775a4
2026-04-13,b0b6b1a8-aa6c-4c2a-9d5c-1d8e856e1c20
2026-04-13,d61a4b95-4ce0-4314-939c-1ffc892b8a9b
2026-04-13,beb5d940-6b95-4f6a-9626-38455250bd94
2026-04-13,3acd4f23-9ae0-4e1b-a14e-8f744beb815d
2026-04-13,3ff6573d-26aa-4f05-b1e8-85821a092b7c
2026-04-13,1cd24bee-fd06-4625-bc92-ddbd4f901513
2026-04-13,86b882d1-46ad-4d17-921b-299d6b8cc9c1
2026-04-13,9919f250-1a96-423b-8509-e92946534e42
2026-04-13,d3ac68c5-c54a-4a9c-8e12-de1022c8615a
2026-04-13,41f11d7d-be8c-4357-ae66-d2b541eb692a
2026-04-13,0e601dd6-34a1-450a-83ea-4bbd1b6d7af4
2026-04-13,cb1c87bb-3b84-4c12-9a05-e90813c5a32e
2026-04-13,602440b0-5981-4bf5-988f-44be7c0dd581
2026-04-13,e4facae1-4469-48b1-bb62-1098d698a009
2026-04-13,8a13fc21-cca9-4962-a5e4-2e5f3b810e12
2026-04-13,5d9080fc-8d98-4d8f-9a4f-765a31cd169f
2026-04-13,544b947e-ecbf-4038-b790-0411001d65c0
2026-04-13,69aa250c-4ea3-4f15-b1b7-2a86705cb8b5
2026-04-12,a76c3995-7d47-4c9b-adbd-bc9faa3990c3
2026-04-12,3c9924f9-a7f4-4551-ae45-a6ad2381d588
2026-04-12,af55f086-0af5-475f-8f1a-ea17f97e9391
2026-04-12,f97cfd09-10ef-472f-b3fc-9fc36dd7739a
2026-04-12,824779b1-69a1-4908-bd86-3cafc32256b6
2026-04-12,07595493-b850-486f-b646-58d759ad1b09
2026-04-12,4a2e1c69-6dbb-45f3-a942-dbcb2a726eb5
2026-04-12,00a28ff1-fa6f-41b6-ad29-a34ff8327886
2026-04-12,782b31ff-d7e0-4e96-abef-cecb64f0b3ba
2026-04-12,3b820929-0768-4c3f-bbe4-55667c75262f
2026-04-12,da11325e-b80a-43b9-9630-f7edcd2ea680
2026-04-12,77e9272c-b9a5-414c-a283-07eec53b9864
2026-04-12,18dbb89e-9cfc-4cde-bcc4-b6f3fda18088
2026-04-12,5338f408-6280-4ecb-a708-bbec613ba4a7
2026-04-12,fdb9a7e8-de24-4424-b95b-f819af168b11
2026-04-12,d65c2521-f488-48d8-90b1-6bd40e4623bb
2026-04-12,420ec9b8-26e7-4121-a441-83878c5bdc85
2026-04-12,385bbb62-9284-40eb-a4d7-bc29338d372d
2026-04-12,4256758f-adc5-4beb-a129-4d5f4dd48540
2026-04-12,b6b0f56e-f409-47a2-9c34-e84f6f991507
2026-04-12,67774337-c136-4961-a780-13f84a77f61a
2026-04-12,3f62abcb-4dae-4ec3-a559-514cbf521d33
2026-04-12,50b1a72b-c02d-4e16-978c-be15417c659e
2026-04-12,191742a6-21ce-4c1c-bb2a-d4b32bf6c912
2026-04-12,1eef2425-b17f-4ba3-8d30-0a46f0300399
2026-04-12,8c3bdcef-f497-4156-9de0-74c1cfbdf53d
2026-04-12,af06a865-f2f4-42a7-9072-48236a6f0845
2026-04-12,28cfde7c-633b-437d-9e2d-812311052ccf
2026-04-12,25266b3a-a4ef-4b7b-abd9-20be292af99f
2026-04-12,bde392d6-dde6-42d9-b4fa-6d2a1c584fee
2026-04-12,d18dad7f-bbe2-46c0-960e-73bb334e642b
2026-04-12,03a03120-91c6-4768-81cb-7b43a2410dc4
2026-04-12,67c0197d-a41b-466b-8efc-1033317e6a62
2026-04-12,53e78b2d-4ea0-4cb8-8184-8de9fd943515
2026-04-12,c93ce945-0fce-41cf-aedc-2473fba1e4ef
2026-04-12,6b99e26b-765a-4312-842c-9cccc0176cc1
2026-04-12,f8a6649e-cf3e-4ff0-8443-18be05fd2c60
2026-04-12,e2dfebf0-b448-4484-a203-0911a2595095
2026-04-12,ae9cb8ce-1753-494f-baf6-9f5f52ac388a
2026-04-12,20e16a8b-127d-4fe9-8014-d2da50678320
2026-04-12,61d9ba92-c03b-47b9-a180-f4d52966d7b3
2026-04-12,8f8c5242-645f-4929-87b8-abc849319846
2026-04-12,1098b148-3950-4f11-870c-8e114d278232
2026-04-12,5d4e073d-7fd7-4af1-a89f-a7e262a30a90
2026-04-12,0741d6ba-5c8b-478a-bc59-04e3b8f21467
2026-04-12,c51f7733-cf00-4313-bc42-2d67b35979bf
2026-04-12,be6fbdb3-5035-46d0-85a7-a9bf932a543e
2026-04-12,b80c4eab-342e-4502-9a01-d9a1d0d0e14e
2026-04-12,eb21e952-c859-43e8-86d0-9764d08dc72d
2026-04-12,ec016619-713e-4efe-88c6-b4a0deb701e5
2026-04-12,480ebfeb-441e-462a-ad2e-b8113aef1a0d
2026-04-12,cd5f20a0-b11b-4bfd-9079-f590b5bd9034
2026-04-12,3a630ba1-580f-4501-b1fb-09cda70065b7
2026-04-12,8b4fd807-1c9b-4f5f-bac5-77508d2193a0
2026-04-12,1fee14a7-b797-40d5-9d61-c4f8000665ac
2026-04-12,1ebdcb19-ad76-465a-88bc-2f7662da01cb
2026-04-12,368dbac0-5527-49ab-abf8-6a32463cb9c9
2026-04-12,d9f91bc1-2ef2-445e-bab4-1f9b614a5835
2026-04-12,ce553f31-0a28-4912-9cdc-2541d84042f1
2026-04-12,d903d189-0a25-4307-a893-7647caadfc77
2026-04-12,017a3256-7609-4893-87fc-2be17fd226c7
2026-04-12,55b4e079-729a-4ea3-9087-7aff9be8f786
2026-04-12,b2ddf693-2a96-4888-a5ee-c25dc5134fb9
2026-04-12,75344be4-7313-46ba-b0db-0aabb16ed23d
2026-04-12,9371c481-f8ea-4194-a3d4-eee0f72fe803
2026-04-12,ccfdd48b-9b0b-4c09-a380-a2971044c826
2026-04-12,03b17f1c-3e74-45e1-bff3-d944618b7e1b
2026-04-12,89d3a31f-53ce-4353-aa3a-d961fc71ade1
2026-04-12,71ed31a7-220e-488d-a427-9b828a066ed4
2026-04-12,6134ea10-9cd3-4b2e-b23f-b1b5d78471c7
2026-04-12,ef9c1eaf-beb8-4af9-9b7b-866bf1334ae6
2026-04-12,698d0527-7a50-4c6c-bd07-7190a3de1a1f
2026-04-12,374c6fd2-c684-4547-b2ce-d5ef38afda6b
2026-04-12,350497bb-b6f4-426f-8a1f-0199af678cff
2026-04-12,f5cd64cf-6289-4174-98d6-9ff1dc631c66
2026-04-12,1829c32b-34f9-44e8-9080-00e48b2c94fb
2026-04-12,c6e39301-9330-4e2b-8c71-25c117bf9b5f
2026-04-12,2141acda-73df-4b55-a3b4-a8045ade2501
2026-04-12,0982d6e5-2f3f-4c2c-93c4-b1290b59a971
2026-04-12,a843014e-d0ac-4fc4-9c9c-30bba5d6e965
2026-04-12,fac4f2d8-bccc-46c9-898e-2093308bc749
2026-04-12,75bc71cb-2028-4434-bf2f-12f1381f7cd6
2026-04-12,c10e9af4-4025-485b-aeac-d740b1a70ad2
2026-04-12,aba55b0f-e666-42db-b548-7d75256a53eb
2026-04-12,ada63fec-f333-407c-9e15-25f76fd47c52
2026-04-12,2b559571-b7ad-41de-8a49-c9dd400ff27c
2026-04-12,0c96253a-5e59-442d-829d-d432ffea513e
2026-04-12,fcb36262-8980-49a1-b325-487fbb0c22e4
2026-04-12,77ba6cef-1aee-4544-b999-6321e5926d37
2026-04-12,2b2c2f14-ebc1-4f4d-8eb7-4aa15d8a3d82
2026-04-12,5abf9a0f-91e3-4acd-bb84-913078edb1f2
2026-04-12,138828d6-4326-4a5a-abc8-ec054ef18fc4
2026-04-12,bc94181d-6786-412d-b28a-b882ddf95c5e
2026-04-12,9fa0e140-75df-4ae2-88c6-04d79b125bca
2026-04-12,06303d8c-fcc6-42f3-bc4b-9442b7b30c6e
2026-04-12,b1f15a7d-6c64-4c92-8c35-2d6f10ff1da7
2026-04-12,72464461-d4f5-45da-88fd-568b275f6c2e
2026-04-12,3bdd7822-ec04-48bd-913c-c87e9578823c
2026-04-12,9f4216ea-8258-4a9b-9e61-dbeb8078b1e5
2026-04-12,44c91a20-b625-4836-a470-86125df7c13e
2026-04-12,fd93d592-0b3a-40cd-9fad-4a63710537e0
2026-04-12,527b353e-de03-4b96-901a-7abbb4b15bce
2026-04-12,4b4f6cbd-0a51-4cec-99b4-6c9165661f81
2026-04-12,83e67741-0423-475e-a88c-7968a5fd085f
2026-04-12,bfe6e805-e086-45d9-98b1-902b57356fab
2026-04-12,5e9e77c1-0327-4159-ad11-92fcd3d6aee0
2026-04-12,d816825e-537c-44b5-ad96-06056178df3b
2026-04-12,c4f84d7b-b24c-4ac7-a457-a7095342eebd
2026-04-12,42b003e6-7302-4b15-8b18-a46e114e6072
2026-04-12,57b5cd6c-fda0-49fb-88b8-670130f89c2d
2026-04-12,84c09ea4-d225-4ab8-afab-2f588d37a3fb
2026-04-12,fde7bf33-502b-48ea-9fe5-4ecf919f83c9
2026-04-12,4fd02952-0558-4469-9296-29fe6973973c
2026-04-12,7da8daf1-016d-479b-99ba-7ecc54f1525d
2026-04-12,1c01107f-94e7-4c81-ab5a-a71d95d9a1cf
2026-04-12,1e70e8a7-fe4b-45e8-8a98-dcd23a1c7f2d
2026-04-12,f8d905bc-6fc6-4942-afaf-b4d27c7a4bf3
2026-04-12,b063e0d5-87fb-4f31-abf3-652f85077846
2026-04-12,b3e31153-4543-4198-a2f2-edbdd57ffd3b
2026-04-12,fe708260-13af-4842-95fc-6c09f323c42b
2026-04-12,27e609d1-4d68-402f-a48b-5e0f2fba5b3e
2026-04-12,3ccb33e2-9b07-4bbc-a3fe-f0217559497a
2026-04-12,a4e4a208-4c1e-4455-a376-be60b0c01a0c
2026-04-12,75d0e27f-712e-47bd-811c-64bfb26664de
2026-04-12,d88e32d7-6034-4df1-8551-9f4ccc4cda93
2026-04-12,a2e45939-7586-4857-938d-aeb7884a0466
2026-04-12,69c6fe67-a7e6-44f5-b0b1-9e6529d27da2
2026-04-12,5045444f-1b37-4233-b5f2-151bff62662e
2026-04-12,a5e55332-5d81-4c31-8221-c1b0597e10cd
2026-04-12,1c92b70e-cddf-427e-b484-bf75fc4b5e6c
2026-04-12,fa5abb67-e63a-4690-b2c6-28a73511f5e6
2026-04-12,125b7660-1744-4b22-b6fb-ea36f189d9cf
2026-04-12,b1be8f8b-b030-436b-8c35-f55e8ba76f35
2026-04-12,29c6d95a-c7cf-4898-be35-e5f45c48cf21
2026-04-12,8ab9dac8-42ef-4ce0-94e4-a41910afbcfd
2026-04-12,df126f51-a200-48fd-b3a5-8f67f8c7ea9b
2026-04-12,cf8dd987-8202-49e7-ae8c-93e1adce276e
2026-04-12,29bb3652-ae0c-4ae5-8d42-8ff5f1719280
2026-04-12,32098ab8-2206-4907-9be8-72c5ae0ffa6a
2026-04-12,8e641747-a735-4960-9b92-f8bd1bd8de31
2026-04-12,5d8eea85-7142-47cd-ac74-01428dd408f1
2026-04-12,ef361a13-ccfe-400c-b101-e62e1c06c4ab
2026-04-12,a79d3bbc-6536-4980-a628-67aa10ccea6b
2026-04-12,82a4e543-d4ec-4705-a39f-80a6205ff9fc
2026-04-12,5f597ea5-250e-43c0-bd17-cf1e4892fb00
2026-04-12,afb2f017-b900-4551-be96-45cd49b708c6
2026-04-12,0c8b1bf0-ffb7-4f99-92de-bd7ee6f4a818
2026-04-12,732b2e93-ce33-46d3-b0f4-a94af2a336c6
2026-04-12,f4a9b928-2139-481f-bcdc-458510d1c0f7
2026-04-12,7fedf592-cdf8-4068-8296-9b4705fabfea
2026-04-12,b2fe0647-4fea-4884-92f7-a28996757662
2026-04-12,c01a55f4-8e6a-47e7-b0f6-8ba719ea5eb4
2026-04-12,98273000-8ef1-4734-80fb-d8a6d0f1fb8f
2026-04-12,5199f3c7-c060-42e0-9f66-6ffcfa8ff8cc
2026-04-12,6f2b6348-18a7-404a-8429-770dba068e2a
2026-04-12,5ecda30f-b8cc-45f8-90cc-837b586e8876
2026-04-12,bbff1b7c-95bb-4761-b9e4-6c8a07880984
2026-04-12,5d557ecb-0753-4e39-a2c8-a0f0548e2292
2026-04-12,5d65d38f-76b5-4c18-a9e5-000034ab318d
2026-04-12,26ebc53f-8a44-4cf1-975a-a646830513ba
2026-04-12,e220839d-557d-4671-b44c-19a654e5bfaf
2026-04-12,c6c06a85-dff8-426d-94f5-2e02518f7ecb
2026-04-12,009fc648-808e-4844-8fac-1aa476a993ad
2026-04-12,69491351-a23d-4022-9a11-7c9e69343e88
2026-04-12,480aaf3d-91b3-461b-8f87-31b7da0e7e4e
2026-04-12,28f3a5b0-0137-4604-a085-723b2aa2d3fa
2026-04-12,b2837819-d125-467a-8706-fe6a1ed360eb
2026-04-12,5ca28c49-a885-4c71-857e-9745abf99ed2
2026-04-12,675f2fe7-19ff-4ce9-b57c-62b55cf9673b
2026-04-12,33a0e24b-6c86-4d80-95cf-3bb9da8ae292
2026-04-12,867b49d3-6010-44f3-929a-562e3aee8d66
2026-04-12,29f010b8-7cff-42dd-a9a7-4b580fd4ce1c
2026-04-12,915fc47c-1351-4891-b4b9-ea2ebcb64d74
2026-04-12,982358da-af4b-4a05-9725-5e5db5d5bd54
2026-04-12,50deb1f8-32ae-4f79-8556-a8793d3967f2
2026-04-12,cc25b23e-8f1c-4f00-a034-7137138f3dc2
2026-04-12,d6847d8d-4091-4b53-8e88-d54dba6cc8ef
2026-04-12,f2e93db7-b5a4-4499-ac8e-83d459bb030b
2026-04-12,56aac155-61e4-4466-a5bf-f8118f9a52c6
2026-04-12,5002d9b1-22b9-4026-b981-65b391337b67
2026-04-12,de766673-b9ac-4d01-81ec-9fc8f241c126
2026-04-12,dc20fcf9-2d15-403b-8934-baad25d08eea
2026-04-12,e50974a8-fb11-4f0b-ab56-33f0c01b8d2a
2026-04-12,24efc204-1544-48eb-8f52-5934d50a6a24
2026-04-12,fb37154e-bdf2-47b4-ab9f-bdc2576914aa
2026-04-12,f94647ff-aac3-469f-9d2c-278933b63ff8
2026-04-12,ef9c5d30-5144-4f84-a606-068d7a888ee6
2026-04-12,319fc0fb-f990-4968-bb94-2c2ee8175102
2026-04-12,6c19885f-c7d1-4f5a-aa4f-80991905bc09
2026-04-12,87169503-b839-4e95-8cb3-dc23b2706db2
2026-04-12,35126065-3cb9-4bc3-acc4-d80b01bdf897
2026-04-12,3606a765-5c02-463f-b64f-9e525cc5dd0d
2026-04-12,48180e2f-5724-4f6e-85c2-18db08a40b39
2026-04-12,e30c56e4-258b-42f4-80dc-abcb7859c62f
2026-04-12,5268735f-ba2e-4c8c-8c6c-eba72902f9b1
2026-04-12,f80cf845-8a42-40e1-a753-9c6eb7f4fb6c
2026-04-12,dd328f7c-2b8a-4499-abc0-25db018b6e6c
2026-04-11,e382470b-b52a-41a1-a02a-cbfd768935e9
2026-04-11,ba19628f-f7af-4a46-ab69-60c8065511ff
2026-04-11,dd0e7b72-d245-4967-bbae-78d75766727e
2026-04-11,190d63b3-1e52-459c-832c-e8edd37f7adc
2026-04-11,0ee36d47-0a8c-4d9a-bd3a-fdb90fea4581
2026-04-11,58d4c0a8-0d88-4b4c-98b6-a48501c3732e
2026-04-11,b296eeb9-22a4-48a0-9943-2209b7b5d050
2026-04-11,cf05c436-21f4-4154-8c44-30fa85ab739a
2026-04-11,c6cadf93-ec69-45f4-84a1-96a9ac63a70f
2026-04-11,245f5c83-470f-4076-853a-50a33a0ed9cc
2026-04-11,1a691daa-442c-4e80-87f3-a34d8c121d97
2026-04-11,26bee400-082b-4b92-a395-ead44c3470a3
2026-04-11,58de6cde-5ac1-4b7f-887e-dd988a836c66
2026-04-11,8c31088b-93a5-4930-ab09-baf669701d29
2026-04-11,80cb1bcb-0eae-408e-9d41-0495b8e66d87
2026-04-11,027afe73-cdbc-4c7e-8922-0fc9d132a56f
2026-04-11,790fa3ba-c0fa-4b3c-8691-ecd4eefa1472
2026-04-11,ad589ea7-78f6-4723-90d3-e45f9b8347e6
2026-04-11,b523b20d-c024-4a4b-acee-fde9cd609e23
2026-04-11,c850353e-edc0-4fdb-835a-1d8cb98bb882
2026-04-11,dd66354a-4fc4-4760-9e89-9b61904b35c1
2026-04-11,7dd1fb1c-714d-4712-8ec0-4d7a4d39c11d
2026-04-11,f048a7cb-7c1c-468f-be4a-7eff2bd22f49
2026-04-11,7126bbf0-8653-4728-a69c-466b6d00f983
2026-04-11,24ca96b1-5b49-4b4c-bde1-fe8b76f0231e
2026-04-11,b369fa2e-7e83-4a07-a612-1bfe366da69a
2026-04-11,63b07bed-fa0e-45f7-bb65-35730e497cad
2026-04-11,86c3f26a-938d-407f-ba3b-cd14d8f74aa3
2026-04-11,07ff016a-accb-4118-a3b0-cda8db941bba
2026-04-11,d729e3df-cc7b-4a44-9173-4798803b61c0
2026-04-11,68d51355-38ce-4755-ad5b-93ef645b5ae1
2026-04-11,a24b59bd-e6d9-40fe-bcda-20fc6e08051c
2026-04-11,2a528444-f7ec-4567-8fd0-3182c67ba4a8
2026-04-11,6968683b-8e6c-49f3-9c58-7061f6267479
2026-04-11,438ea453-8655-470c-a417-f7eddc9a8bda
2026-04-11,c07b9260-07e7-4e5a-a10a-ac7a01459b04
2026-04-11,d97f8937-8813-4aaa-baeb-47c5b60c87ea
2026-04-11,00eca5fc-9663-4036-b303-c163fcb2f5ea
2026-04-11,2d709ceb-5538-4fbc-b311-2302c43a9a98
2026-04-11,040e675c-5e78-4c26-a0d3-316cd1ee287f
2026-04-11,149cd735-fb3b-467d-96c4-254033fa42eb
2026-04-11,4d86c1e9-076b-42fc-afc3-fe1562ee4159
2026-04-11,5d982e43-3ecd-423c-b072-9bef770ac1d3
2026-04-11,7d87ab7f-61a4-4ef2-9d9a-b989da757a1b
2026-04-11,592f3d50-cdb9-48f1-9776-be91d8d089fd
2026-04-11,a786846b-1b4c-40df-be5e-48f471a4f208
2026-04-11,3ce79021-3ac4-4322-8593-ef7e461e7488
2026-04-11,13f66ce4-1866-4aad-a888-dc293560ca68
2026-04-11,cd630ff7-db03-4689-91b2-e639d030303d
2026-04-11,16e64d90-860f-44c6-818e-5638941b0ffd
2026-04-11,72fc83fb-be45-42cd-a8e3-2fba81102197
2026-04-11,f9033339-0559-4f5c-9195-fbc4a0c0434e
2026-04-11,08bf68cc-5df5-4cdc-8eca-6f37275d8bed
2026-04-11,3b47d8c2-d6ce-4ba8-958c-630c58c5dbce
2026-04-11,75e8a102-442f-495b-80be-e6d2c942c769
2026-04-11,d3f2c356-5ba7-49b1-8d1f-4aa7601059b2
2026-04-11,4ee67842-db66-4e76-a71f-246f6c0464ef
2026-04-11,f1765f6e-d6c8-454b-82c8-95f16c1f2dc3
2026-04-11,de92cdee-a5d7-4342-858f-13800f47549b
2026-04-11,93f05539-70d1-4648-bb09-a68f0761ddc4
2026-04-11,ffd948ef-8171-4bee-946b-a6800e4870bf
2026-04-11,a736a120-cb6b-47b2-89a6-e001b46798ea
2026-04-11,88fd9915-5b63-43e9-8d20-1dbd1a8a00c1
2026-04-11,86b4a13e-caff-4aec-94c0-f8267490b81a
2026-04-11,31dafc37-d4be-4266-9c88-78e6e7647067
2026-04-11,4f5a1ed6-9cc6-476d-9739-526a4223f43d
2026-04-11,aa4a8a8d-5343-44e1-9cc6-1b3631d0d1a1
2026-04-11,52128cf1-b8bb-4262-a91b-a54dadcf165f
2026-04-11,72bb20dd-dff3-4861-bdb6-440f927b1356
2026-04-11,868dc3da-bd3d-4041-b1fb-7e5ca960a646
2026-04-11,687668c3-df3a-4c31-a56f-a0cb5998a3c3
2026-04-11,2fe4dee7-bd89-4da0-8f63-11c5c1ee8124
2026-04-11,37984d0b-0ab7-49e0-992c-85ffa6fa3059
2026-04-11,e05fb10c-1261-4455-a2f6-80473ea3909d
2026-04-11,30919864-79a2-4fd4-a4e2-4a3a3b88d1d0
2026-04-11,0cbe12e8-5fba-45e0-89c3-b478b8108c32
2026-04-11,9003e84c-4864-4f4e-a61d-5051d6aaf891
2026-04-11,a7963981-a055-4656-b13a-7d74c44673f8
2026-04-11,8443f6bf-0d8f-4b62-a242-23bbd15965ff
2026-04-11,95f8a880-2623-4ae1-8d2f-58663c1e90ea
2026-04-11,3475858c-1c81-4f6e-aead-1f732c9e8bd3
2026-04-11,fb57ec67-42ba-49db-a296-51916d04bafd
2026-04-11,ff02e479-06eb-49ca-ad56-48106c2c4462
2026-04-11,7b53a615-b511-4b53-b551-12ec233f44c0
2026-04-11,7228b4d9-bdfe-4c05-9b94-7101929b7d31
2026-04-11,079c47c1-84a5-4df0-b59c-fc68a0f030fa
2026-04-11,52390979-ba0e-4108-bc51-6931a447c735
2026-04-11,f731df93-dbd4-440e-9958-55ff5c9d79d5
2026-04-11,97a2cffc-767a-4c19-b7e3-9f8b6e85eccb
2026-04-11,6ad98de8-ea71-466d-9b5a-2f979f1bb551
2026-04-11,c96fcef6-533a-4bdd-92a7-2affa12188c3
2026-04-11,5210dac8-19fd-46a8-9d33-d4521dbcc9ee
2026-04-11,22f36f63-0b60-4819-b1da-39ff41d5b5bc
2026-04-11,e941118d-b54b-4942-b499-3c83591029bc
2026-04-11,038410f4-f622-4f77-b2a4-15a79196cefe
2026-04-11,23c2bfb7-f70f-4643-bee7-b8207bc3ed94
2026-04-11,7971ffff-fccf-4df5-9076-6f3c55151e03
2026-04-11,3d650651-4bf4-4127-a6b8-143d2af1594d
2026-04-11,39f6a2ee-3a5c-48f6-9170-08190bf664d3
2026-04-11,47b21829-a629-4bf8-b35d-b6cc03d15993
2026-04-11,fd45ccb7-96bc-4798-a6a2-1b51d223d844
2026-04-11,32fa0f4f-f79e-4ecf-a2f6-abc239fd8631
2026-04-11,167bdcb2-cd74-4a2e-a060-1e9173924e4b
2026-04-11,e4c0573b-cc13-403a-a182-833705e63357
2026-04-11,35768669-2ca5-4072-bda4-324ac2ba1366
2026-04-11,7aa42d6d-7e79-4060-bed6-bb63c2d3f843
2026-04-11,2540c251-00ba-4c7b-8aec-c896cd3847c0
2026-04-11,d9dfc0eb-e283-4d19-b793-67a8f3f16042
2026-04-11,20c8dfab-8359-4d77-9249-94e4d441c89a
2026-04-11,e4e970ec-454f-411e-923d-c4a31f947360
2026-04-11,3a17324f-3938-453c-a1b7-3873a66fa131
2026-04-11,5ea62c65-26df-4c60-93ad-6be053bde228
2026-04-11,e7a8af99-8cd3-4999-886d-c6d241373f57
2026-04-11,28d7d092-4552-496d-8819-074997b64cb5
2026-04-11,3ff6d1a0-2c3e-4921-8994-193803d0d808
2026-04-11,2c3e67d8-4e53-483d-b82a-7d63fcbc6ea3
2026-04-11,9b58a060-5572-4f8a-b987-e32f525f833e
2026-04-11,a8981744-f000-4a0c-a270-746d0e050998
2026-04-11,196fe92f-f369-43c7-b63f-0a2105be57d8
2026-04-11,c8eaa43a-c3d8-4eb1-8776-93564b6f1e1b
2026-04-11,150006ea-e6b5-412d-a724-9a91dad28ddc
2026-04-11,a1057e10-f049-4ae8-a310-9d5c73d41940
2026-04-11,6fd0b216-081f-4f0d-bf10-99d52415cb7c
2026-04-11,9d7d48ef-2d2a-48e4-98d5-65904b315076
2026-04-11,dba9f20d-dc7c-4ded-8bed-a8f8efeaf70e
2026-04-11,05278ec0-6cf9-4a77-86b1-0ef4e26c950d
2026-04-11,3b5de2b5-ed1e-4975-8202-78ef4359630c
2026-04-11,fc8570cc-5b62-4c95-a148-377576ac33a3
2026-04-11,19f16efe-cfa0-4bfb-97f4-fbebc68d6f1b
2026-04-11,867e8d35-6698-45fd-8ecc-7d5608f91580
2026-04-11,fa9b4aff-bda5-443f-a6dd-b25075654eb0
2026-04-11,8edb6f1b-28bd-4d68-87e7-c48ac256b2b8
2026-04-11,b953e1aa-c09b-49ce-a6bb-99a2377a9757
2026-04-11,5d3ff725-1822-4b05-aa4e-cba644d25071
2026-04-11,bbf31c89-b49b-4218-8720-cd98880c5c28
2026-04-11,edb1d2d5-2d87-4c5b-9603-156fafcf3806
2026-04-11,7e8aa72b-c3da-448f-a6da-7fdbdc3e3ef4
2026-04-11,3c71abab-d5e9-4de2-87bc-c2a2196dfbeb
2026-04-11,6c74ae93-7a6d-4f67-92cf-1c8c7f17f827
2026-04-11,66760cef-f525-4da0-acb3-6f1146126ece
2026-04-11,b5151463-6723-4683-8780-36deed4e0c91
2026-04-11,f3357b08-4645-404a-9dc6-78dce305e268
2026-04-11,17179b83-2550-478b-9bdb-00f25fba61cb
2026-04-11,980777d9-9a09-4e65-af59-8b98510be291
2026-04-11,1b1df462-c84f-448f-9d31-51266d1f0aa2
2026-04-11,a9816110-e601-4a79-a6b6-4e6e34e75fd3
2026-04-11,a926cf61-a4cc-4a8a-bf22-a1805ed9d713
2026-04-11,0a456763-f780-477f-9144-8022ba43c40d
2026-04-11,d6c3760a-d451-44c1-ae97-eec41c9bb6a6
2026-04-11,3b3960f4-be3b-4765-b322-631f94e0bf55
2026-04-11,ed34bc3b-4f74-4cee-99c5-0c4fdb9e790c
2026-04-11,805c3c44-4d85-403a-ade4-765edc4388df
2026-04-11,e8fcb979-d935-4f62-88d2-da427857aa32
2026-04-11,1f6157eb-ba8a-4202-981e-5e0736c876a1
2026-04-11,0791913a-8a2d-477d-81fd-a394dd5ef46d
2026-04-11,5b16d353-7c94-4f3e-be35-714899829fc6
2026-04-11,ab407ef3-9c36-466b-9bb1-32f7417748b4
2026-04-11,590d9073-5da8-4dcb-8445-7af21fa47068
2026-04-11,bed2131b-1f1c-441d-bbb4-2ef18a9cba18
2026-04-11,dfae66b4-57ac-4735-bfca-33e0b25a5124
2026-04-11,d2828ad0-428a-4fe3-b4eb-2d444b233068
2026-04-11,b64d6daa-8959-49b1-87b2-f87f4dfb952a
2026-04-11,5c621dcb-0b3f-49fc-835a-6dcfce0b6934
2026-04-11,0624be4e-e031-49a0-8211-f54a8494b922
2026-04-11,095e5abc-47b9-4c94-8ea3-550cf25e2c44
2026-04-11,3ed27d69-8ebb-458a-b154-11dfa945bd4b
2026-04-11,0b5a6711-440e-4f66-a635-7ad8b97592c5
2026-04-11,9fc933b2-7e7d-452b-b93f-866fda3481db
2026-04-11,5acedc59-5a91-4a3f-a2f5-23621dbb3899
2026-04-11,045798c1-4ac9-4a54-99bc-00f4c6731c78
2026-04-11,420d12a2-eb8c-4d06-90b1-12183bc3044d
2026-04-11,311cd2a6-9d97-4ad1-95b7-d80c13fd18e1
2026-04-11,f84e7bd0-ab60-43f0-b15d-443d344da61f
2026-04-11,92c2b692-a185-48d1-904b-fb2e33a60559
2026-04-11,09a7cb06-9542-436d-b3c1-b9469c304374
2026-04-11,12d343ea-b1cb-4118-9994-01b441b897cd
2026-04-11,3ad4e87e-5e65-48f6-90ef-04581efb53e2
2026-04-11,95b03a0d-f2d7-40ef-b57e-df3381ded9bd
2026-04-11,fb037427-035b-4636-b3a4-a37b86ce4f9b
2026-04-11,842e4dcf-8ca0-47c4-970d-c0d4f5bc696d
2026-04-11,45fd7209-3b27-4961-b252-a8f731428bce
2026-04-11,840b60cb-09bb-459f-ba34-79556a4d3ce0
2026-04-11,554ea3c9-8718-4edb-8aaa-1e6898442953
2026-04-11,b676956b-8434-4b1c-a728-e35b1452957c
2026-04-11,a4ec5930-f6da-4967-9a3f-148a94225103
2026-04-11,f5a41300-8a0b-4187-94de-3b7bb2cfbd94
2026-04-11,696e2bb5-68b6-418b-a51f-4728ee68366a
2026-04-11,170a9bbd-13bb-4a87-a76e-29df6edf7e2e
2026-04-11,7511a135-1642-4a14-87e1-4e91b0c1d61a
2026-04-11,0909ebc4-cfea-4aa3-8d11-1cd84ced6ad5
2026-04-11,005d8b24-f581-4d72-b6bb-5f46923881a2
