Tier,Country,Monthly Sessions,Unique Users,Ad Pods/Month,Impressions/Month,Fill Rate,Filled Impressions,CPM ($),Monthly Ad Rev ($),Annual Ad Rev ($),House Ads (unfilled pods),Subs Conversion (0.05%),Cannibalisation (50%),Monthly Subs Rev ($),Annual Subs Rev ($),Monthly Total ($),Annual Total ($)
Tier 1,DE,1072781,60037,=C2,=E2*3,0.2,=F2*G2,15,=H2/1000*I2,=J2*12,=E2*(1-G2),=L2*0.0005,=M2*0.5,=N2*7.30,=O2*12,=J2+O2,=K2+P2
Tier 1,US,528836,42818,=C3,=E3*3,0.2,=F3*G3,15,=H3/1000*I3,=J3*12,=E3*(1-G3),=L3*0.0005,=M3*0.5,=N3*7.30,=O3*12,=J3+O3,=K3+P3
Tier 1,FR,405336,27113,=C4,=E4*3,0.2,=F4*G4,15,=H4/1000*I4,=J4*12,=E4*(1-G4),=L4*0.0005,=M4*0.5,=N4*7.30,=O4*12,=J4+O4,=K4+P4
Tier 1,GB,351390,22315,=C5,=E5*3,0.2,=F5*G5,15,=H5/1000*I5,=J5*12,=E5*(1-G5),=L5*0.0005,=M5*0.5,=N5*7.30,=O5*12,=J5+O5,=K5+P5
Tier 1,ES,176879,11598,=C6,=E6*3,0.2,=F6*G6,15,=H6/1000*I6,=J6*12,=E6*(1-G6),=L6*0.0005,=M6*0.5,=N6*7.30,=O6*12,=J6+O6,=K6+P6
Tier 1,CA,137778,9510,=C7,=E7*3,0.2,=F7*G7,15,=H7/1000*I7,=J7*12,=E7*(1-G7),=L7*0.0005,=M7*0.5,=N7*7.30,=O7*12,=J7+O7,=K7+P7
Tier 1,IT,94393,4784,=C8,=E8*3,0.2,=F8*G8,15,=H8/1000*I8,=J8*12,=E8*(1-G8),=L8*0.0005,=M8*0.5,=N8*7.30,=O8*12,=J8+O8,=K8+P8
Tier 1,AU,75732,5646,=C9,=E9*3,0.2,=F9*G9,15,=H9/1000*I9,=J9*12,=E9*(1-G9),=L9*0.0005,=M9*0.5,=N9*7.30,=O9*12,=J9+O9,=K9+P9
Tier 2,PL,3392765,156508,=C10,=E10*3,0.2,=F10*G10,10,=H10/1000*I10,=J10*12,=E10*(1-G10),=L10*0.0005,=M10*0.5,=N10*7.30,=O10*12,=J10+O10,=K10+P10
Tier 2,RO,1046223,46186,=C11,=E11*3,0.2,=F11*G11,10,=H11/1000*I11,=J11*12,=E11*(1-G11),=L11*0.0005,=M11*0.5,=N11*7.30,=O11*12,=J11+O11,=K11+P11
Tier 2,FI,593039,29566,=C12,=E12*3,0.2,=F12*G12,10,=H12/1000*I12,=J12*12,=E12*(1-G12),=L12*0.0005,=M12*0.5,=N12*7.30,=O12*12,=J12+O12,=K12+P12
Tier 2,PT,585711,28514,=C13,=E13*3,0.2,=F13*G13,10,=H13/1000*I13,=J13*12,=E13*(1-G13),=L13*0.0005,=M13*0.5,=N13*7.30,=O13*12,=J13+O13,=K13+P13
Tier 2,NL,533485,25111,=C14,=E14*3,0.2,=F14*G14,10,=H14/1000*I14,=J14*12,=E14*(1-G14),=L14*0.0005,=M14*0.5,=N14*7.30,=O14*12,=J14+O14,=K14+P14
Tier 2,DK,431661,26190,=C15,=E15*3,0.2,=F15*G15,10,=H15/1000*I15,=J15*12,=E15*(1-G15),=L15*0.0005,=M15*0.5,=N15*7.30,=O15*12,=J15+O15,=K15+P15
Tier 2,SE,410301,24758,=C16,=E16*3,0.2,=F16*G16,10,=H16/1000*I16,=J16*12,=E16*(1-G16),=L16*0.0005,=M16*0.5,=N16*7.30,=O16*12,=J16+O16,=K16+P16
Tier 2,RS,341295,13145,=C17,=E17*3,0.2,=F17*G17,10,=H17/1000*I17,=J17*12,=E17*(1-G17),=L17*0.0005,=M17*0.5,=N17*7.30,=O17*12,=J17+O17,=K17+P17
Tier 2,LT,270153,13037,=C18,=E18*3,0.2,=F18*G18,10,=H18/1000*I18,=J18*12,=E18*(1-G18),=L18*0.0005,=M18*0.5,=N18*7.30,=O18*12,=J18+O18,=K18+P18
Tier 2,CZ,245571,15186,=C19,=E19*3,0.2,=F19*G19,10,=H19/1000*I19,=J19*12,=E19*(1-G19),=L19*0.0005,=M19*0.5,=N19*7.30,=O19*12,=J19+O19,=K19+P19
Tier 2,LV,206597,10965,=C20,=E20*3,0.2,=F20*G20,10,=H20/1000*I20,=J20*12,=E20*(1-G20),=L20*0.0005,=M20*0.5,=N20*7.30,=O20*12,=J20+O20,=K20+P20
Tier 2,SK,145864,8549,=C21,=E21*3,0.2,=F21*G21,10,=H21/1000*I21,=J21*12,=E21*(1-G21),=L21*0.0005,=M21*0.5,=N21*7.30,=O21*12,=J21+O21,=K21+P21
Tier 2,NO,139435,9411,=C22,=E22*3,0.2,=F22*G22,10,=H22/1000*I22,=J22*12,=E22*(1-G22),=L22*0.0005,=M22*0.5,=N22*7.30,=O22*12,=J22+O22,=K22+P22
Tier 2,HU,134087,9060,=C23,=E23*3,0.2,=F23*G23,10,=H23/1000*I23,=J23*12,=E23*(1-G23),=L23*0.0005,=M23*0.5,=N23*7.30,=O23*12,=J23+O23,=K23+P23
Tier 2,AT,122315,6287,=C24,=E24*3,0.2,=F24*G24,10,=H24/1000*I24,=J24*12,=E24*(1-G24),=L24*0.0005,=M24*0.5,=N24*7.30,=O24*12,=J24+O24,=K24+P24
Tier 2,EE,120851,6362,=C25,=E25*3,0.2,=F25*G25,10,=H25/1000*I25,=J25*12,=E25*(1-G25),=L25*0.0005,=M25*0.5,=N25*7.30,=O25*12,=J25+O25,=K25+P25
Tier 2,BE,94705,5587,=C26,=E26*3,0.2,=F26*G26,10,=H26/1000*I26,=J26*12,=E26*(1-G26),=L26*0.0005,=M26*0.5,=N26*7.30,=O26*12,=J26+O26,=K26+P26
Tier 2,CH,93636,5134,=C27,=E27*3,0.2,=F27*G27,10,=H27/1000*I27,=J27*12,=E27*(1-G27),=L27*0.0005,=M27*0.5,=N27*7.30,=O27*12,=J27+O27,=K27+P27
Tier 2,HR,75158,3692,=C28,=E28*3,0.2,=F28*G28,10,=H28/1000*I28,=J28*12,=E28*(1-G28),=L28*0.0005,=M28*0.5,=N28*7.30,=O28*12,=J28+O28,=K28+P28
Tier 2,GR,58765,2971,=C29,=E29*3,0.2,=F29*G29,10,=H29/1000*I29,=J29*12,=E29*(1-G29),=L29*0.0005,=M29*0.5,=N29*7.30,=O29*12,=J29+O29,=K29+P29
Tier 2,KR,51986,2383,=C30,=E30*3,0.2,=F30*G30,10,=H30/1000*I30,=J30*12,=E30*(1-G30),=L30*0.0005,=M30*0.5,=N30*7.30,=O30*12,=J30+O30,=K30+P30
Tier 2,AE,49805,3364,=C31,=E31*3,0.2,=F31*G31,10,=H31/1000*I31,=J31*12,=E31*(1-G31),=L31*0.0005,=M31*0.5,=N31*7.30,=O31*12,=J31+O31,=K31+P31
Tier 2,JO,46108,1778,=C32,=E32*3,0.2,=F32*G32,10,=H32/1000*I32,=J32*12,=E32*(1-G32),=L32*0.0005,=M32*0.5,=N32*7.30,=O32*12,=J32+O32,=K32+P32
Tier 2,IE,38217,2322,=C33,=E33*3,0.2,=F33*G33,10,=H33/1000*I33,=J33*12,=E33*(1-G33),=L33*0.0005,=M33*0.5,=N33*7.30,=O33*12,=J33+O33,=K33+P33
Tier 2,SG,36923,4554,=C34,=E34*3,0.2,=F34*G34,10,=H34/1000*I34,=J34*12,=E34*(1-G34),=L34*0.0005,=M34*0.5,=N34*7.30,=O34*12,=J34+O34,=K34+P34
Tier 2,SI,34467,1803,=C35,=E35*3,0.2,=F35*G35,10,=H35/1000*I35,=J35*12,=E35*(1-G35),=L35*0.0005,=M35*0.5,=N35*7.30,=O35*12,=J35+O35,=K35+P35
Tier 2,JP,24041,1652,=C36,=E36*3,0.2,=F36*G36,10,=H36/1000*I36,=J36*12,=E36*(1-G36),=L36*0.0005,=M36*0.5,=N36*7.30,=O36*12,=J36+O36,=K36+P36
Tier 2,SA,18628,928,=C37,=E37*3,0.2,=F37*G37,10,=H37/1000*I37,=J37*12,=E37*(1-G37),=L37*0.0005,=M37*0.5,=N37*7.30,=O37*12,=J37+O37,=K37+P37
Tier 2,IS,14682,1008,=C38,=E38*3,0.2,=F38*G38,10,=H38/1000*I38,=J38*12,=E38*(1-G38),=L38*0.0005,=M38*0.5,=N38*7.30,=O38*12,=J38+O38,=K38+P38
Tier 2,CY,12035,703,=C39,=E39*3,0.2,=F39*G39,10,=H39/1000*I39,=J39*12,=E39*(1-G39),=L39*0.0005,=M39*0.5,=N39*7.30,=O39*12,=J39+O39,=K39+P39
Tier 2,NZ,9894,681,=C40,=E40*3,0.2,=F40*G40,10,=H40/1000*I40,=J40*12,=E40*(1-G40),=L40*0.0005,=M40*0.5,=N40*7.30,=O40*12,=J40+O40,=K40+P40
Tier 2,LI,1151,139,=C41,=E41*3,0.2,=F41*G41,10,=H41/1000*I41,=J41*12,=E41*(1-G41),=L41*0.0005,=M41*0.5,=N41*7.30,=O41*12,=J41+O41,=K41+P41
Tier 2,FO,294,,=C42,=E42*3,0.2,=F42*G42,10,=H42/1000*I42,=J42*12,=E42*(1-G42),=L42*0.0005,=M42*0.5,=N42*7.30,=O42*12,=J42+O42,=K42+P42
Tier 3,KZ,3623059,108953,=C43,=E43*3,0.1,=F43*G43,5,=H43/1000*I43,=J43*12,=E43*(1-G43),=L43*0.0005,=M43*0.5,=N43*7.30,=O43*12,=J43+O43,=K43+P43
Tier 3,UA,1363341,65704,=C44,=E44*3,0.1,=F44*G44,5,=H44/1000*I44,=J44*12,=E44*(1-G44),=L44*0.0005,=M44*0.5,=N44*7.30,=O44*12,=J44+O44,=K44+P44
Tier 3,XK,1103869,31054,=C45,=E45*3,0.1,=F45*G45,5,=H45/1000*I45,=J45*12,=E45*(1-G45),=L45*0.0005,=M45*0.5,=N45*7.30,=O45*12,=J45+O45,=K45+P45
Tier 3,TR,1088946,65024,=C46,=E46*3,0.1,=F46*G46,5,=H46/1000*I46,=J46*12,=E46*(1-G46),=L46*0.0005,=M46*0.5,=N46*7.30,=O46*12,=J46+O46,=K46+P46
Tier 3,BY,937972,33247,=C47,=E47*3,0.1,=F47*G47,5,=H47/1000*I47,=J47*12,=E47*(1-G47),=L47*0.0005,=M47*0.5,=N47*7.30,=O47*12,=J47+O47,=K47+P47
Tier 3,UZ,799747,30143,=C48,=E48*3,0.1,=F48*G48,5,=H48/1000*I48,=J48*12,=E48*(1-G48),=L48*0.0005,=M48*0.5,=N48*7.30,=O48*12,=J48+O48,=K48+P48
Tier 3,MN,403244,21955,=C49,=E49*3,0.1,=F49*G49,5,=H49/1000*I49,=J49*12,=E49*(1-G49),=L49*0.0005,=M49*0.5,=N49*7.30,=O49*12,=J49+O49,=K49+P49
Tier 3,BR,346303,25976,=C50,=E50*3,0.1,=F50*G50,5,=H50/1000*I50,=J50*12,=E50*(1-G50),=L50*0.0005,=M50*0.5,=N50*7.30,=O50*12,=J50+O50,=K50+P50
Tier 3,MK,345257,10662,=C51,=E51*3,0.1,=F51*G51,5,=H51/1000*I51,=J51*12,=E51*(1-G51),=L51*0.0005,=M51*0.5,=N51*7.30,=O51*12,=J51+O51,=K51+P51
Tier 3,AR,287673,18613,=C52,=E52*3,0.1,=F52*G52,5,=H52/1000*I52,=J52*12,=E52*(1-G52),=L52*0.0005,=M52*0.5,=N52*7.30,=O52*12,=J52+O52,=K52+P52
Tier 3,KG,225302,7799,=C53,=E53*3,0.1,=F53*G53,5,=H53/1000*I53,=J53*12,=E53*(1-G53),=L53*0.0005,=M53*0.5,=N53*7.30,=O53*12,=J53+O53,=K53+P53
Tier 3,GE,191859,6836,=C54,=E54*3,0.1,=F54*G54,5,=H54/1000*I54,=J54*12,=E54*(1-G54),=L54*0.0005,=M54*0.5,=N54*7.30,=O54*12,=J54+O54,=K54+P54
Tier 3,BG,166832,8112,=C55,=E55*3,0.1,=F55*G55,5,=H55/1000*I55,=J55*12,=E55*(1-G55),=L55*0.0005,=M55*0.5,=N55*7.30,=O55*12,=J55+O55,=K55+P55
Tier 3,PK,118573,4091,=C56,=E56*3,0.1,=F56*G56,5,=H56/1000*I56,=J56*12,=E56*(1-G56),=L56*0.0005,=M56*0.5,=N56*7.30,=O56*12,=J56+O56,=K56+P56
Tier 3,MD,118245,5307,=C57,=E57*3,0.1,=F57*G57,5,=H57/1000*I57,=J57*12,=E57*(1-G57),=L57*0.0005,=M57*0.5,=N57*7.30,=O57*12,=J57+O57,=K57+P57
Tier 3,AL,109743,5056,=C58,=E58*3,0.1,=F58*G58,5,=H58/1000*I58,=J58*12,=E58*(1-G58),=L58*0.0005,=M58*0.5,=N58*7.30,=O58*12,=J58+O58,=K58+P58
Tier 3,BA,105413,4188,=C59,=E59*3,0.1,=F59*G59,5,=H59/1000*I59,=J59*12,=E59*(1-G59),=L59*0.0005,=M59*0.5,=N59*7.30,=O59*12,=J59+O59,=K59+P59
Tier 3,TJ,99510,3360,=C60,=E60*3,0.1,=F60*G60,5,=H60/1000*I60,=J60*12,=E60*(1-G60),=L60*0.0005,=M60*0.5,=N60*7.30,=O60*12,=J60+O60,=K60+P60
Tier 3,VN,98224,5532,=C61,=E61*3,0.1,=F61*G61,5,=H61/1000*I61,=J61*12,=E61*(1-G61),=L61*0.0005,=M61*0.5,=N61*7.30,=O61*12,=J61+O61,=K61+P61
Tier 3,IL,73798,4080,=C62,=E62*3,0.1,=F62*G62,5,=H62/1000*I62,=J62*12,=E62*(1-G62),=L62*0.0005,=M62*0.5,=N62*7.30,=O62*12,=J62+O62,=K62+P62
Tier 3,DZ,72517,2379,=C63,=E63*3,0.1,=F63*G63,5,=H63/1000*I63,=J63*12,=E63*(1-G63),=L63*0.0005,=M63*0.5,=N63*7.30,=O63*12,=J63+O63,=K63+P63
Tier 3,AZ,66147,2955,=C64,=E64*3,0.1,=F64*G64,5,=H64/1000*I64,=J64*12,=E64*(1-G64),=L64*0.0005,=M64*0.5,=N64*7.30,=O64*12,=J64+O64,=K64+P64
Tier 3,LB,60200,2197,=C65,=E65*3,0.1,=F65*G65,5,=H65/1000*I65,=J65*12,=E65*(1-G65),=L65*0.0005,=M65*0.5,=N65*7.30,=O65*12,=J65+O65,=K65+P65
Tier 3,PH,59655,3163,=C66,=E66*3,0.1,=F66*G66,5,=H66/1000*I66,=J66*12,=E66*(1-G66),=L66*0.0005,=M66*0.5,=N66*7.30,=O66*12,=J66+O66,=K66+P66
Tier 3,IN,54097,3321,=C67,=E67*3,0.1,=F67*G67,5,=H67/1000*I67,=J67*12,=E67*(1-G67),=L67*0.0005,=M67*0.5,=N67*7.30,=O67*12,=J67+O67,=K67+P67
Tier 3,MY,50062,3147,=C68,=E68*3,0.1,=F68*G68,5,=H68/1000*I68,=J68*12,=E68*(1-G68),=L68*0.0005,=M68*0.5,=N68*7.30,=O68*12,=J68+O68,=K68+P68
Tier 3,IR,48631,3809,=C69,=E69*3,0.1,=F69*G69,5,=H69/1000*I69,=J69*12,=E69*(1-G69),=L69*0.0005,=M69*0.5,=N69*7.30,=O69*12,=J69+O69,=K69+P69
Tier 3,TH,47256,2650,=C70,=E70*3,0.1,=F70*G70,5,=H70/1000*I70,=J70*12,=E70*(1-G70),=L70*0.0005,=M70*0.5,=N70*7.30,=O70*12,=J70+O70,=K70+P70
Tier 3,ME,47011,1566,=C71,=E71*3,0.1,=F71*G71,5,=H71/1000*I71,=J71*12,=E71*(1-G71),=L71*0.0005,=M71*0.5,=N71*7.30,=O71*12,=J71+O71,=K71+P71
Tier 3,CL,42731,2718,=C72,=E72*3,0.1,=F72*G72,5,=H72/1000*I72,=J72*12,=E72*(1-G72),=L72*0.0005,=M72*0.5,=N72*7.30,=O72*12,=J72+O72,=K72+P72
Tier 3,HK,42317,5601,=C73,=E73*3,0.1,=F73*G73,5,=H73/1000*I73,=J73*12,=E73*(1-G73),=L73*0.0005,=M73*0.5,=N73*7.30,=O73*12,=J73+O73,=K73+P73
Tier 3,ID,41922,2618,=C74,=E74*3,0.1,=F74*G74,5,=H74/1000*I74,=J74*12,=E74*(1-G74),=L74*0.0005,=M74*0.5,=N74*7.30,=O74*12,=J74+O74,=K74+P74
Tier 3,AM,33518,1435,=C75,=E75*3,0.1,=F75*G75,5,=H75/1000*I75,=J75*12,=E75*(1-G75),=L75*0.0005,=M75*0.5,=N75*7.30,=O75*12,=J75+O75,=K75+P75
Tier 3,TW,28424,2689,=C76,=E76*3,0.1,=F76*G76,5,=H76/1000*I76,=J76*12,=E76*(1-G76),=L76*0.0005,=M76*0.5,=N76*7.30,=O76*12,=J76+O76,=K76+P76
Tier 3,PS,28362,1160,=C77,=E77*3,0.1,=F77*G77,5,=H77/1000*I77,=J77*12,=E77*(1-G77),=L77*0.0005,=M77*0.5,=N77*7.30,=O77*12,=J77+O77,=K77+P77
Tier 3,PE,28171,1658,=C78,=E78*3,0.1,=F78*G78,5,=H78/1000*I78,=J78*12,=E78*(1-G78),=L78*0.0005,=M78*0.5,=N78*7.30,=O78*12,=J78+O78,=K78+P78
Tier 3,CN,27077,3481,=C79,=E79*3,0.1,=F79*G79,5,=H79/1000*I79,=J79*12,=E79*(1-G79),=L79*0.0005,=M79*0.5,=N79*7.30,=O79*12,=J79+O79,=K79+P79
Tier 3,UY,20542,1151,=C80,=E80*3,0.1,=F80*G80,5,=H80/1000*I80,=J80*12,=E80*(1-G80),=L80*0.0005,=M80*0.5,=N80*7.30,=O80*12,=J80+O80,=K80+P80
Tier 3,IQ,19823,888,=C81,=E81*3,0.1,=F81*G81,5,=H81/1000*I81,=J81*12,=E81*(1-G81),=L81*0.0005,=M81*0.5,=N81*7.30,=O81*12,=J81+O81,=K81+P81
Tier 3,VE,17977,647,=C82,=E82*3,0.1,=F82*G82,5,=H82/1000*I82,=J82*12,=E82*(1-G82),=L82*0.0005,=M82*0.5,=N82*7.30,=O82*12,=J82+O82,=K82+P82
Tier 3,TN,15740,638,=C83,=E83*3,0.1,=F83*G83,5,=H83/1000*I83,=J83*12,=E83*(1-G83),=L83*0.0005,=M83*0.5,=N83*7.30,=O83*12,=J83+O83,=K83+P83
Tier 3,MX,13666,894,=C84,=E84*3,0.1,=F84*G84,5,=H84/1000*I84,=J84*12,=E84*(1-G84),=L84*0.0005,=M84*0.5,=N84*7.30,=O84*12,=J84+O84,=K84+P84
Tier 3,MA,13492,577,=C85,=E85*3,0.1,=F85*G85,5,=H85/1000*I85,=J85*12,=E85*(1-G85),=L85*0.0005,=M85*0.5,=N85*7.30,=O85*12,=J85+O85,=K85+P85
Tier 3,EG,12633,441,=C86,=E86*3,0.1,=F86*G86,5,=H86/1000*I86,=J86*12,=E86*(1-G86),=L86*0.0005,=M86*0.5,=N86*7.30,=O86*12,=J86+O86,=K86+P86
Tier 3,SY,10546,386,=C87,=E87*3,0.1,=F87*G87,5,=H87/1000*I87,=J87*12,=E87*(1-G87),=L87*0.0005,=M87*0.5,=N87*7.30,=O87*12,=J87+O87,=K87+P87
Tier 3,CO,7581,537,=C88,=E88*3,0.1,=F88*G88,5,=H88/1000*I88,=J88*12,=E88*(1-G88),=L88*0.0005,=M88*0.5,=N88*7.30,=O88*12,=J88+O88,=K88+P88
Tier 3,BD,7546,397,=C89,=E89*3,0.1,=F89*G89,5,=H89/1000*I89,=J89*12,=E89*(1-G89),=L89*0.0005,=M89*0.5,=N89*7.30,=O89*12,=J89+O89,=K89+P89
Tier 3,KH,7372,336,=C90,=E90*3,0.1,=F90*G90,5,=H90/1000*I90,=J90*12,=E90*(1-G90),=L90*0.0005,=M90*0.5,=N90*7.30,=O90*12,=J90+O90,=K90+P90
Tier 3,KW,7107,348,=C91,=E91*3,0.1,=F91*G91,5,=H91/1000*I91,=J91*12,=E91*(1-G91),=L91*0.0005,=M91*0.5,=N91*7.30,=O91*12,=J91+O91,=K91+P91
Tier 3,LU,6219,422,=C92,=E92*3,0.1,=F92*G92,5,=H92/1000*I92,=J92*12,=E92*(1-G92),=L92*0.0005,=M92*0.5,=N92*7.30,=O92*12,=J92+O92,=K92+P92
Tier 3,MM,5106,182,=C93,=E93*3,0.1,=F93*G93,5,=H93/1000*I93,=J93*12,=E93*(1-G93),=L93*0.0005,=M93*0.5,=N93*7.30,=O93*12,=J93+O93,=K93+P93
Tier 3,PY,5016,318,=C94,=E94*3,0.1,=F94*G94,5,=H94/1000*I94,=J94*12,=E94*(1-G94),=L94*0.0005,=M94*0.5,=N94*7.30,=O94*12,=J94+O94,=K94+P94
Tier 3,QA,4155,191,=C95,=E95*3,0.1,=F95*G95,5,=H95/1000*I95,=J95*12,=E95*(1-G95),=L95*0.0005,=M95*0.5,=N95*7.30,=O95*12,=J95+O95,=K95+P95
Tier 3,MT,3602,210,=C96,=E96*3,0.1,=F96*G96,5,=H96/1000*I96,=J96*12,=E96*(1-G96),=L96*0.0005,=M96*0.5,=N96*7.30,=O96*12,=J96+O96,=K96+P96
Tier 3,BN,2982,163,=C97,=E97*3,0.1,=F97*G97,5,=H97/1000*I97,=J97*12,=E97*(1-G97),=L97*0.0005,=M97*0.5,=N97*7.30,=O97*12,=J97+O97,=K97+P97
Tier 3,LK,2434,88,=C98,=E98*3,0.1,=F98*G98,5,=H98/1000*I98,=J98*12,=E98*(1-G98),=L98*0.0005,=M98*0.5,=N98*7.30,=O98*12,=J98+O98,=K98+P98
Tier 3,EC,2376,155,=C99,=E99*3,0.1,=F99*G99,5,=H99/1000*I99,=J99*12,=E99*(1-G99),=L99*0.0005,=M99*0.5,=N99*7.30,=O99*12,=J99+O99,=K99+P99
Tier 3,BO,2343,119,=C100,=E100*3,0.1,=F100*G100,5,=H100/1000*I100,=J100*12,=E100*(1-G100),=L100*0.0005,=M100*0.5,=N100*7.30,=O100*12,=J100+O100,=K100+P100
Tier 3,LY,1868,66,=C101,=E101*3,0.1,=F101*G101,5,=H101/1000*I101,=J101*12,=E101*(1-G101),=L101*0.0005,=M101*0.5,=N101*7.30,=O101*12,=J101+O101,=K101+P101
Tier 3,OM,1862,275,=C102,=E102*3,0.1,=F102*G102,5,=H102/1000*I102,=J102*12,=E102*(1-G102),=L102*0.0005,=M102*0.5,=N102*7.30,=O102*12,=J102+O102,=K102+P102
Tier 3,DO,1659,94,=C103,=E103*3,0.1,=F103*G103,5,=H103/1000*I103,=J103*12,=E103*(1-G103),=L103*0.0005,=M103*0.5,=N103*7.30,=O103*12,=J103+O103,=K103+P103
Tier 3,CR,1542,91,=C104,=E104*3,0.1,=F104*G104,5,=H104/1000*I104,=J104*12,=E104*(1-G104),=L104*0.0005,=M104*0.5,=N104*7.30,=O104*12,=J104+O104,=K104+P104
Tier 3,MO,1498,107,=C105,=E105*3,0.1,=F105*G105,5,=H105/1000*I105,=J105*12,=E105*(1-G105),=L105*0.0005,=M105*0.5,=N105*7.30,=O105*12,=J105+O105,=K105+P105
Tier 3,GT,1299,90,=C106,=E106*3,0.1,=F106*G106,5,=H106/1000*I106,=J106*12,=E106*(1-G106),=L106*0.0005,=M106*0.5,=N106*7.30,=O106*12,=J106+O106,=K106+P106
Tier 3,NP,1173,74,=C107,=E107*3,0.1,=F107*G107,5,=H107/1000*I107,=J107*12,=E107*(1-G107),=L107*0.0005,=M107*0.5,=N107*7.30,=O107*12,=J107+O107,=K107+P107
Tier 3,AX,1142,,=C108,=E108*3,0.1,=F108*G108,5,=H108/1000*I108,=J108*12,=E108*(1-G108),=L108*0.0005,=M108*0.5,=N108*7.30,=O108*12,=J108+O108,=K108+P108
Tier 3,PA,1138,90,=C109,=E109*3,0.1,=F109*G109,5,=H109/1000*I109,=J109*12,=E109*(1-G109),=L109*0.0005,=M109*0.5,=N109*7.30,=O109*12,=J109+O109,=K109+P109
Tier 3,BH,950,94,=C110,=E110*3,0.1,=F110*G110,5,=H110/1000*I110,=J110*12,=E110*(1-G110),=L110*0.0005,=M110*0.5,=N110*7.30,=O110*12,=J110+O110,=K110+P110
Tier 3,LA,633,,=C111,=E111*3,0.1,=F111*G111,5,=H111/1000*I111,=J111*12,=E111*(1-G111),=L111*0.0005,=M111*0.5,=N111*7.30,=O111*12,=J111+O111,=K111+P111
Tier 3,SV,579,,=C112,=E112*3,0.1,=F112*G112,5,=H112/1000*I112,=J112*12,=E112*(1-G112),=L112*0.0005,=M112*0.5,=N112*7.30,=O112*12,=J112+O112,=K112+P112
Tier 3,MU,568,,=C113,=E113*3,0.1,=F113*G113,5,=H113/1000*I113,=J113*12,=E113*(1-G113),=L113*0.0005,=M113*0.5,=N113*7.30,=O113*12,=J113+O113,=K113+P113
Tier 3,MV,555,,=C114,=E114*3,0.1,=F114*G114,5,=H114/1000*I114,=J114*12,=E114*(1-G114),=L114*0.0005,=M114*0.5,=N114*7.30,=O114*12,=J114+O114,=K114+P114
Tier 3,KE,513,,=C115,=E115*3,0.1,=F115*G115,5,=H115/1000*I115,=J115*12,=E115*(1-G115),=L115*0.0005,=M115*0.5,=N115*7.30,=O115*12,=J115+O115,=K115+P115
Tier 3,HN,505,,=C116,=E116*3,0.1,=F116*G116,5,=H116/1000*I116,=J116*12,=E116*(1-G116),=L116*0.0005,=M116*0.5,=N116*7.30,=O116*12,=J116+O116,=K116+P116
Tier 3,GH,483,,=C117,=E117*3,0.1,=F117*G117,5,=H117/1000*I117,=J117*12,=E117*(1-G117),=L117*0.0005,=M117*0.5,=N117*7.30,=O117*12,=J117+O117,=K117+P117
Tier 3,ZA,482,310,=C118,=E118*3,0.1,=F118*G118,5,=H118/1000*I118,=J118*12,=E118*(1-G118),=L118*0.0005,=M118*0.5,=N118*7.30,=O118*12,=J118+O118,=K118+P118
Tier 3,CI,464,,=C119,=E119*3,0.1,=F119*G119,5,=H119/1000*I119,=J119*12,=E119*(1-G119),=L119*0.0005,=M119*0.5,=N119*7.30,=O119*12,=J119+O119,=K119+P119
Tier 3,JE,416,,=C120,=E120*3,0.1,=F120*G120,5,=H120/1000*I120,=J120*12,=E120*(1-G120),=L120*0.0005,=M120*0.5,=N120*7.30,=O120*12,=J120+O120,=K120+P120
Tier 3,IM,408,,=C121,=E121*3,0.1,=F121*G121,5,=H121/1000*I121,=J121*12,=E121*(1-G121),=L121*0.0005,=M121*0.5,=N121*7.30,=O121*12,=J121+O121,=K121+P121
Tier 3,AD,323,,=C122,=E122*3,0.1,=F122*G122,5,=H122/1000*I122,=J122*12,=E122*(1-G122),=L122*0.0005,=M122*0.5,=N122*7.30,=O122*12,=J122+O122,=K122+P122
Tier 3,RE,313,,=C123,=E123*3,0.1,=F123*G123,5,=H123/1000*I123,=J123*12,=E123*(1-G123),=L123*0.0005,=M123*0.5,=N123*7.30,=O123*12,=J123+O123,=K123+P123
Tier 3,SN,294,,=C124,=E124*3,0.1,=F124*G124,5,=H124/1000*I124,=J124*12,=E124*(1-G124),=L124*0.0005,=M124*0.5,=N124*7.30,=O124*12,=J124+O124,=K124+P124
Tier 3,PR,279,,=C125,=E125*3,0.1,=F125*G125,5,=H125/1000*I125,=J125*12,=E125*(1-G125),=L125*0.0005,=M125*0.5,=N125*7.30,=O125*12,=J125+O125,=K125+P125
Tier 3,MR,264,,=C126,=E126*3,0.1,=F126*G126,5,=H126/1000*I126,=J126*12,=E126*(1-G126),=L126*0.0005,=M126*0.5,=N126*7.30,=O126*12,=J126+O126,=K126+P126
Tier 3,NC,193,,=C127,=E127*3,0.1,=F127*G127,5,=H127/1000*I127,=J127*12,=E127*(1-G127),=L127*0.0005,=M127*0.5,=N127*7.30,=O127*12,=J127+O127,=K127+P127
Tier 3,AO,193,,=C128,=E128*3,0.1,=F128*G128,5,=H128/1000*I128,=J128*12,=E128*(1-G128),=L128*0.0005,=M128*0.5,=N128*7.30,=O128*12,=J128+O128,=K128+P128
Tier 3,MQ,164,,=C129,=E129*3,0.1,=F129*G129,5,=H129/1000*I129,=J129*12,=E129*(1-G129),=L129*0.0005,=M129*0.5,=N129*7.30,=O129*12,=J129+O129,=K129+P129
Tier 3,NG,154,,=C130,=E130*3,0.1,=F130*G130,5,=H130/1000*I130,=J130*12,=E130*(1-G130),=L130*0.0005,=M130*0.5,=N130*7.30,=O130*12,=J130+O130,=K130+P130
Tier 3,TM,152,,=C131,=E131*3,0.1,=F131*G131,5,=H131/1000*I131,=J131*12,=E131*(1-G131),=L131*0.0005,=M131*0.5,=N131*7.30,=O131*12,=J131+O131,=K131+P131
Tier 3,TD,145,,=C132,=E132*3,0.1,=F132*G132,5,=H132/1000*I132,=J132*12,=E132*(1-G132),=L132*0.0005,=M132*0.5,=N132*7.30,=O132*12,=J132+O132,=K132+P132
Tier 3,BS,126,,=C133,=E133*3,0.1,=F133*G133,5,=H133/1000*I133,=J133*12,=E133*(1-G133),=L133*0.0005,=M133*0.5,=N133*7.30,=O133*12,=J133+O133,=K133+P133
Tier 3,GL,120,,=C134,=E134*3,0.1,=F134*G134,5,=H134/1000*I134,=J134*12,=E134*(1-G134),=L134*0.0005,=M134*0.5,=N134*7.30,=O134*12,=J134+O134,=K134+P134
Tier 3,GU,117,,=C135,=E135*3,0.1,=F135*G135,5,=H135/1000*I135,=J135*12,=E135*(1-G135),=L135*0.0005,=M135*0.5,=N135*7.30,=O135*12,=J135+O135,=K135+P135
Tier 3,MC,93,,=C136,=E136*3,0.1,=F136*G136,5,=H136/1000*I136,=J136*12,=E136*(1-G136),=L136*0.0005,=M136*0.5,=N136*7.30,=O136*12,=J136+O136,=K136+P136
Tier 3,GA,85,,=C137,=E137*3,0.1,=F137*G137,5,=H137/1000*I137,=J137*12,=E137*(1-G137),=L137*0.0005,=M137*0.5,=N137*7.30,=O137*12,=J137+O137,=K137+P137
Tier 3,DJ,83,,=C138,=E138*3,0.1,=F138*G138,5,=H138/1000*I138,=J138*12,=E138*(1-G138),=L138*0.0005,=M138*0.5,=N138*7.30,=O138*12,=J138+O138,=K138+P138
Tier 3,GG,82,,=C139,=E139*3,0.1,=F139*G139,5,=H139/1000*I139,=J139*12,=E139*(1-G139),=L139*0.0005,=M139*0.5,=N139*7.30,=O139*12,=J139+O139,=K139+P139
Tier 3,NI,80,,=C140,=E140*3,0.1,=F140*G140,5,=H140/1000*I140,=J140*12,=E140*(1-G140),=L140*0.0005,=M140*0.5,=N140*7.30,=O140*12,=J140+O140,=K140+P140
Tier 3,TG,76,,=C141,=E141*3,0.1,=F141*G141,5,=H141/1000*I141,=J141*12,=E141*(1-G141),=L141*0.0005,=M141*0.5,=N141*7.30,=O141*12,=J141+O141,=K141+P141
Tier 3,JM,71,,=C142,=E142*3,0.1,=F142*G142,5,=H142/1000*I142,=J142*12,=E142*(1-G142),=L142*0.0005,=M142*0.5,=N142*7.30,=O142*12,=J142+O142,=K142+P142
Tier 3,GN,71,,=C143,=E143*3,0.1,=F143*G143,5,=H143/1000*I143,=J143*12,=E143*(1-G143),=L143*0.0005,=M143*0.5,=N143*7.30,=O143*12,=J143+O143,=K143+P143
Tier 3,TT,63,,=C144,=E144*3,0.1,=F144*G144,5,=H144/1000*I144,=J144*12,=E144*(1-G144),=L144*0.0005,=M144*0.5,=N144*7.30,=O144*12,=J144+O144,=K144+P144
Tier 3,MG,61,,=C145,=E145*3,0.1,=F145*G145,5,=H145/1000*I145,=J145*12,=E145*(1-G145),=L145*0.0005,=M145*0.5,=N145*7.30,=O145*12,=J145+O145,=K145+P145
Tier 3,ZW,61,,=C146,=E146*3,0.1,=F146*G146,5,=H146/1000*I146,=J146*12,=E146*(1-G146),=L146*0.0005,=M146*0.5,=N146*7.30,=O146*12,=J146+O146,=K146+P146
Tier 3,GP,51,,=C147,=E147*3,0.1,=F147*G147,5,=H147/1000*I147,=J147*12,=E147*(1-G147),=L147*0.0005,=M147*0.5,=N147*7.30,=O147*12,=J147+O147,=K147+P147
Tier 3,ET,46,,=C148,=E148*3,0.1,=F148*G148,5,=H148/1000*I148,=J148*12,=E148*(1-G148),=L148*0.0005,=M148*0.5,=N148*7.30,=O148*12,=J148+O148,=K148+P148
Tier 3,AW,42,,=C149,=E149*3,0.1,=F149*G149,5,=H149/1000*I149,=J149*12,=E149*(1-G149),=L149*0.0005,=M149*0.5,=N149*7.30,=O149*12,=J149+O149,=K149+P149
Tier 3,CW,34,,=C150,=E150*3,0.1,=F150*G150,5,=H150/1000*I150,=J150*12,=E150*(1-G150),=L150*0.0005,=M150*0.5,=N150*7.30,=O150*12,=J150+O150,=K150+P150
Tier 3,AF,34,,=C151,=E151*3,0.1,=F151*G151,5,=H151/1000*I151,=J151*12,=E151*(1-G151),=L151*0.0005,=M151*0.5,=N151*7.30,=O151*12,=J151+O151,=K151+P151
Tier 3,KY,34,,=C152,=E152*3,0.1,=F152*G152,5,=H152/1000*I152,=J152*12,=E152*(1-G152),=L152*0.0005,=M152*0.5,=N152*7.30,=O152*12,=J152+O152,=K152+P152
Tier 3,TZ,33,,=C153,=E153*3,0.1,=F153*G153,5,=H153/1000*I153,=J153*12,=E153*(1-G153),=L153*0.0005,=M153*0.5,=N153*7.30,=O153*12,=J153+O153,=K153+P153
Tier 3,MF,30,,=C154,=E154*3,0.1,=F154*G154,5,=H154/1000*I154,=J154*12,=E154*(1-G154),=L154*0.0005,=M154*0.5,=N154*7.30,=O154*12,=J154+O154,=K154+P154
Tier 3,BQ,30,,=C155,=E155*3,0.1,=F155*G155,5,=H155/1000*I155,=J155*12,=E155*(1-G155),=L155*0.0005,=M155*0.5,=N155*7.30,=O155*12,=J155+O155,=K155+P155
Tier 3,GI,29,,=C156,=E156*3,0.1,=F156*G156,5,=H156/1000*I156,=J156*12,=E156*(1-G156),=L156*0.0005,=M156*0.5,=N156*7.30,=O156*12,=J156+O156,=K156+P156
Tier 3,PF,19,,=C157,=E157*3,0.1,=F157*G157,5,=H157/1000*I157,=J157*12,=E157*(1-G157),=L157*0.0005,=M157*0.5,=N157*7.30,=O157*12,=J157+O157,=K157+P157
Tier 3,BJ,18,,=C158,=E158*3,0.1,=F158*G158,5,=H158/1000*I158,=J158*12,=E158*(1-G158),=L158*0.0005,=M158*0.5,=N158*7.30,=O158*12,=J158+O158,=K158+P158
Tier 3,CD,16,,=C159,=E159*3,0.1,=F159*G159,5,=H159/1000*I159,=J159*12,=E159*(1-G159),=L159*0.0005,=M159*0.5,=N159*7.30,=O159*12,=J159+O159,=K159+P159
Tier 3,TL,15,,=C160,=E160*3,0.1,=F160*G160,5,=H160/1000*I160,=J160*12,=E160*(1-G160),=L160*0.0005,=M160*0.5,=N160*7.30,=O160*12,=J160+O160,=K160+P160
Tier 3,ML,15,,=C161,=E161*3,0.1,=F161*G161,5,=H161/1000*I161,=J161*12,=E161*(1-G161),=L161*0.0005,=M161*0.5,=N161*7.30,=O161*12,=J161+O161,=K161+P161
Tier 3,PM,15,,=C162,=E162*3,0.1,=F162*G162,5,=H162/1000*I162,=J162*12,=E162*(1-G162),=L162*0.0005,=M162*0.5,=N162*7.30,=O162*12,=J162+O162,=K162+P162
Tier 3,GF,14,,=C163,=E163*3,0.1,=F163*G163,5,=H163/1000*I163,=J163*12,=E163*(1-G163),=L163*0.0005,=M163*0.5,=N163*7.30,=O163*12,=J163+O163,=K163+P163
Tier 3,BM,14,,=C164,=E164*3,0.1,=F164*G164,5,=H164/1000*I164,=J164*12,=E164*(1-G164),=L164*0.0005,=M164*0.5,=N164*7.30,=O164*12,=J164+O164,=K164+P164
Tier 3,CV,13,,=C165,=E165*3,0.1,=F165*G165,5,=H165/1000*I165,=J165*12,=E165*(1-G165),=L165*0.0005,=M165*0.5,=N165*7.30,=O165*12,=J165+O165,=K165+P165
Tier 3,GY,12,,=C166,=E166*3,0.1,=F166*G166,5,=H166/1000*I166,=J166*12,=E166*(1-G166),=L166*0.0005,=M166*0.5,=N166*7.30,=O166*12,=J166+O166,=K166+P166
Tier 3,CM,12,,=C167,=E167*3,0.1,=F167*G167,5,=H167/1000*I167,=J167*12,=E167*(1-G167),=L167*0.0005,=M167*0.5,=N167*7.30,=O167*12,=J167+O167,=K167+P167
Tier 3,SM,10,,=C168,=E168*3,0.1,=F168*G168,5,=H168/1000*I168,=J168*12,=E168*(1-G168),=L168*0.0005,=M168*0.5,=N168*7.30,=O168*12,=J168+O168,=K168+P168
Tier 3,NE,9,,=C169,=E169*3,0.1,=F169*G169,5,=H169/1000*I169,=J169*12,=E169*(1-G169),=L169*0.0005,=M169*0.5,=N169*7.30,=O169*12,=J169+O169,=K169+P169
Tier 3,SR,9,,=C170,=E170*3,0.1,=F170*G170,5,=H170/1000*I170,=J170*12,=E170*(1-G170),=L170*0.0005,=M170*0.5,=N170*7.30,=O170*12,=J170+O170,=K170+P170
Tier 3,SC,8,,=C171,=E171*3,0.1,=F171*G171,5,=H171/1000*I171,=J171*12,=E171*(1-G171),=L171*0.0005,=M171*0.5,=N171*7.30,=O171*12,=J171+O171,=K171+P171
Tier 3,BB,6,,=C172,=E172*3,0.1,=F172*G172,5,=H172/1000*I172,=J172*12,=E172*(1-G172),=L172*0.0005,=M172*0.5,=N172*7.30,=O172*12,=J172+O172,=K172+P172
Tier 3,YE,6,,=C173,=E173*3,0.1,=F173*G173,5,=H173/1000*I173,=J173*12,=E173*(1-G173),=L173*0.0005,=M173*0.5,=N173*7.30,=O173*12,=J173+O173,=K173+P173
Tier 3,VU,5,,=C174,=E174*3,0.1,=F174*G174,5,=H174/1000*I174,=J174*12,=E174*(1-G174),=L174*0.0005,=M174*0.5,=N174*7.30,=O174*12,=J174+O174,=K174+P174
Tier 3,DM,4,,=C175,=E175*3,0.1,=F175*G175,5,=H175/1000*I175,=J175*12,=E175*(1-G175),=L175*0.0005,=M175*0.5,=N175*7.30,=O175*12,=J175+O175,=K175+P175
Tier 3,PG,4,,=C176,=E176*3,0.1,=F176*G176,5,=H176/1000*I176,=J176*12,=E176*(1-G176),=L176*0.0005,=M176*0.5,=N176*7.30,=O176*12,=J176+O176,=K176+P176
Tier 3,BT,4,,=C177,=E177*3,0.1,=F177*G177,5,=H177/1000*I177,=J177*12,=E177*(1-G177),=L177*0.0005,=M177*0.5,=N177*7.30,=O177*12,=J177+O177,=K177+P177
Tier 3,AG,3,,=C178,=E178*3,0.1,=F178*G178,5,=H178/1000*I178,=J178*12,=E178*(1-G178),=L178*0.0005,=M178*0.5,=N178*7.30,=O178*12,=J178+O178,=K178+P178
Tier 3,BF,3,,=C179,=E179*3,0.1,=F179*G179,5,=H179/1000*I179,=J179*12,=E179*(1-G179),=L179*0.0005,=M179*0.5,=N179*7.30,=O179*12,=J179+O179,=K179+P179
Tier 3,LR,3,,=C180,=E180*3,0.1,=F180*G180,5,=H180/1000*I180,=J180*12,=E180*(1-G180),=L180*0.0005,=M180*0.5,=N180*7.30,=O180*12,=J180+O180,=K180+P180
Tier 3,RW,2,,=C181,=E181*3,0.1,=F181*G181,5,=H181/1000*I181,=J181*12,=E181*(1-G181),=L181*0.0005,=M181*0.5,=N181*7.30,=O181*12,=J181+O181,=K181+P181
Tier 3,BL,2,,=C182,=E182*3,0.1,=F182*G182,5,=H182/1000*I182,=J182*12,=E182*(1-G182),=L182*0.0005,=M182*0.5,=N182*7.30,=O182*12,=J182+O182,=K182+P182
Tier 3,BZ,2,,=C183,=E183*3,0.1,=F183*G183,5,=H183/1000*I183,=J183*12,=E183*(1-G183),=L183*0.0005,=M183*0.5,=N183*7.30,=O183*12,=J183+O183,=K183+P183
Tier 3,VI,2,,=C184,=E184*3,0.1,=F184*G184,5,=H184/1000*I184,=J184*12,=E184*(1-G184),=L184*0.0005,=M184*0.5,=N184*7.30,=O184*12,=J184+O184,=K184+P184
Tier 3,NA,1,,=C185,=E185*3,0.1,=F185*G185,5,=H185/1000*I185,=J185*12,=E185*(1-G185),=L185*0.0005,=M185*0.5,=N185*7.30,=O185*12,=J185+O185,=K185+P185
Tier 3,SD,1,,=C186,=E186*3,0.1,=F186*G186,5,=H186/1000*I186,=J186*12,=E186*(1-G186),=L186*0.0005,=M186*0.5,=N186*7.30,=O186*12,=J186+O186,=K186+P186
Tier 3,UG,0,,=C187,=E187*3,0.1,=F187*G187,5,=H187/1000*I187,=J187*12,=E187*(1-G187),=L187*0.0005,=M187*0.5,=N187*7.30,=O187*12,=J187+O187,=K187+P187
Tier 3,CU,0,,=C188,=E188*3,0.1,=F188*G188,5,=H188/1000*I188,=J188*12,=E188*(1-G188),=L188*0.0005,=M188*0.5,=N188*7.30,=O188*12,=J188+O188,=K188+P188
Russia,RU,12174327,488448,=C189,=E189*3,0.1,=F189*G189,2,=H189/1000*I189,=J189*12,=E189*(1-G189),=L189*0.0005,=M189*0.5,=N189*7.30,=O189*12,=J189+O189,=K189+P189

SUBTOTALS BY TIER,,,,,,,,,,,,,,,,,
Tier 1,8 countries,"=SUMIF(A2:A189,""Tier 1"",C2:C189)","=SUMIF(A2:A189,""Tier 1"",D2:D189)","=SUMIF(A2:A189,""Tier 1"",E2:E189)","=SUMIF(A2:A189,""Tier 1"",F2:F189)",,"=SUMIF(A2:A189,""Tier 1"",H2:H189)",,"=SUMIF(A2:A189,""Tier 1"",J2:J189)",=J192*12,"=SUMIF(A2:A189,""Tier 1"",L2:L189)","=SUMIF(A2:A189,""Tier 1"",M2:M189)","=SUMIF(A2:A189,""Tier 1"",N2:N189)","=SUMIF(A2:A189,""Tier 1"",O2:O189)",=O192*12,=J192+O192,=K192+P192
Tier 2,33 countries,"=SUMIF(A2:A189,""Tier 2"",C2:C189)","=SUMIF(A2:A189,""Tier 2"",D2:D189)","=SUMIF(A2:A189,""Tier 2"",E2:E189)","=SUMIF(A2:A189,""Tier 2"",F2:F189)",,"=SUMIF(A2:A189,""Tier 2"",H2:H189)",,"=SUMIF(A2:A189,""Tier 2"",J2:J189)",=J193*12,"=SUMIF(A2:A189,""Tier 2"",L2:L189)","=SUMIF(A2:A189,""Tier 2"",M2:M189)","=SUMIF(A2:A189,""Tier 2"",N2:N189)","=SUMIF(A2:A189,""Tier 2"",O2:O189)",=O193*12,=J193+O193,=K193+P193
Tier 3,146 countries,"=SUMIF(A2:A189,""Tier 3"",C2:C189)","=SUMIF(A2:A189,""Tier 3"",D2:D189)","=SUMIF(A2:A189,""Tier 3"",E2:E189)","=SUMIF(A2:A189,""Tier 3"",F2:F189)",,"=SUMIF(A2:A189,""Tier 3"",H2:H189)",,"=SUMIF(A2:A189,""Tier 3"",J2:J189)",=J194*12,"=SUMIF(A2:A189,""Tier 3"",L2:L189)","=SUMIF(A2:A189,""Tier 3"",M2:M189)","=SUMIF(A2:A189,""Tier 3"",N2:N189)","=SUMIF(A2:A189,""Tier 3"",O2:O189)",=O194*12,=J194+O194,=K194+P194
Russia,RU,"=SUMIF(A2:A189,""Russia"",C2:C189)","=SUMIF(A2:A189,""Russia"",D2:D189)","=SUMIF(A2:A189,""Russia"",E2:E189)","=SUMIF(A2:A189,""Russia"",F2:F189)",,"=SUMIF(A2:A189,""Russia"",H2:H189)",,"=SUMIF(A2:A189,""Russia"",J2:J189)",=J195*12,"=SUMIF(A2:A189,""Russia"",L2:L189)","=SUMIF(A2:A189,""Russia"",M2:M189)","=SUMIF(A2:A189,""Russia"",N2:N189)","=SUMIF(A2:A189,""Russia"",O2:O189)",=O195*12,=J195+O195,=K195+P195
GRAND TOTAL,All,=SUM(C192:C195),=SUM(D192:D195),=SUM(E192:E195),=SUM(F192:F195),,=SUM(H192:H195),,=SUM(J192:J195),=J196*12,=SUM(L192:L195),=SUM(M192:M195),=SUM(N192:N195),=SUM(O192:O195),=O196*12,=J196+O196,=K196+P196
TOTAL EXCL RU,All excl. Russia,=C192+C193+C194,=D192+D193+D194,=E192+E193+E194,=F192+F193+F194,,=H192+H193+H194,,=J192+J193+J194,=J197*12,=L192+L193+L194,=M192+M193+M194,=N192+N193+N194,=O192+O193+O194,=O197*12,=J197+O197,=K197+P197

SCENARIO COMPARISON (ANNUAL),,,,,,,,,,,,,,,,,

Scenario,Fill Rate,CPM Assumption,Tier 1 Annual,Tier 2 Annual,Tier 3 Annual,Russia Annual,Total Ad Rev (Annual),Subs Rev (Annual),Combined (Annual),,,,,,,,
Conservative (Year 1),20% T1/T2 - 10% T3/RU,T1 $15 / T2 $10 / T3 $5 / RU $2,=F192*0.20/1000*15*12,=F193*0.20/1000*10*12,=F194*0.10/1000*5*12,=F195*0.10/1000*2*12,=D202+E202+F202+G202,=P196,=H202+I202,,,,,,,,
Mid Case,20% T1/T2 - 10% T3/RU,T1 $20 / T2 $15 / T3 $5 / RU $2,=F192*0.20/1000*20*12,=F193*0.20/1000*15*12,=F194*0.10/1000*5*12,=F195*0.10/1000*2*12,=D203+E203+F203+G203,=P196,=H203+I203,,,,,,,,
100% Fill Ceiling,100% all tiers,T1 $15 / T2 $10 / T3 $5 / RU $2,=F192*1.0/1000*15*12,=F193*1.0/1000*10*12,=F194*1.0/1000*5*12,=F195*1.0/1000*2*12,=D204+E204+F204+G204,=P196,=H204+I204,,,,,,,,

ASSUMPTIONS,,,,,,,,,,,,,,,,,

Parameter,Value,Notes,,,,,,,,,,,,,,,
Ad pod max duration,60 seconds,Up to 60s of ads per ~45 min match (as many slots as fit),,,,,,,,,,,,,,,
Impressions per pod,3,Average 3x20s creatives within a 60s pod,,,,,,,,,,,,,,,
Ad pods per user per month,28,1 pod per daily session x 28 days,,,,,,,,,,,,,,,
Monthly Sessions source,Feb 2026 Looker data,"Free users, total finished matchmaking matches",,,,,,,,,,,,,,,
Paid fill rate (T1/T2),20%,Conservative Year 1 assumption,,,,,,,,,,,,,,,
Paid fill rate (T3/RU),10%,Lower demand in smaller geos; Russia at $2 CPM,,,,,,,,,,,,,,,
House ads fill,80%,Unfilled pods serve subscription promotions,,,,,,,,,,,,,,,
Subs conversion rate,0.05%,Of house ad viewers,,,,,,,,,,,,,,,
Subs cannibalisation,50%,Half would have subscribed anyway,,,,,,,,,,,,,,,
Sub price,$7.30/month,FACEIT Premium monthly price,,,,,,,,,,,,,,,
Russia,Included at $2 CPM,GAM limited but not fully excluded; inventory value shown,,,,,,,,,,,,,,,
